True_Label,Combined_Probability,Final_Prediction
0,0.002084839329593864,0
0,0.002035236398855965,0
0,0.020328153449557868,0
0,0.002563426782572794,0
0,0.0023374983445892776,0
0,0.16653784734794116,0
0,0.0011061770159439752,0
0,0.003387315836931193,0
0,0.0016734550049637897,0
0,0.0018746157995364284,0
0,0.0040027924970790305,0
0,0.002075148832371704,0
0,0.003066717836122459,0
0,0.006036321331970544,0
0,0.00471396673104515,0
0,0.0033096720206066323,0
0,0.04994944210360448,0
0,0.0005126887480463855,0
0,0.0016771815054153981,0
0,0.0018318251560867477,0
0,0.015742809490601,0
0,0.0035557911228641546,0
0,0.0018746157995364284,0
0,0.0024631121664433382,0
0,0.014528301413043891,0
0,0.000996648918797795,0
0,0.014383959068498344,0
0,0.001904155164602702,0
0,0.007975725235308432,0
0,0.0033636532132015505,0
0,0.0022310588173394407,0
0,0.002778200060440467,0
0,0.001918393468163955,0
0,0.00486116458189817,0
1,0.6849339547202578,1
0,0.006728092615040483,0
0,0.0008019513263536799,0
0,0.010899326459773703,0
0,0.0033722111465562987,0
0,0.005864616775269945,0
0,0.003247938224883727,0
0,0.0016012211172638025,0
0,0.0049809811876977885,0
0,0.0024155685140379427,0
0,0.010229769491522342,0
0,0.0008726952556169104,0
0,0.022616161010392377,0
0,0.0011438962992239574,0
0,0.0016370425599748777,0
0,0.00111931883859336,0
0,0.0025878529548348257,0
0,0.0015000304550350143,0
0,0.001638748277800096,0
0,0.0017755685592918283,0
0,0.007245882380618787,0
1,0.6682021997931078,1
0,0.00043758002202776196,0
0,0.010018511127712335,0
0,0.0013914362558655252,0
0,0.0026072320501779826,0
0,0.0006887781649458453,0
0,0.0006816727322474118,0
0,0.00130880090097454,0
0,0.0011521623540113497,0
0,0.0018468461662330348,0
0,0.0007969001082873926,0
0,0.0029876773912707807,0
0,0.0022966509310959077,0
0,0.051782975009825656,0
0,0.01761175994222073,0
0,0.00988744945184783,0
0,0.0004846540304939183,0
0,0.0014146922615770807,0
0,0.0007925938717293368,0
0,0.0014704918526668824,0
0,0.006220474394528064,0
0,0.008441497551034847,0
0,0.001874628784020269,0
0,0.0021117653195666807,0
0,0.0014715557361561625,0
0,0.001218831256088947,0
0,0.011344101861306945,0
0,0.0053693910310451684,0
0,0.004665809387492873,0
0,0.0011264104201544893,0
0,0.06055432409957258,0
1,0.9219212501436322,1
0,0.011483430632987273,0
0,0.002883551149960458,0
0,0.012615948790034099,0
0,0.0008407972616085826,0
0,0.0018746157995364284,0
0,0.0003460095300243642,0
0,0.0011892974274104462,0
0,0.008123741244797977,0
1,0.968667903563619,1
0,0.010285532708207399,0
0,0.0016339535467632304,0
0,0.0030598994564679854,0
0,0.0039538568693766474,0
0,0.004094774270051889,0
0,0.0009788137098432485,0
0,0.004026442660404654,0
0,0.0015956880635972566,0
0,0.00401331791517619,0
0,0.001231080465852392,0
0,0.0018526618789822997,0
0,0.013540648236191832,0
0,0.04526891792246386,0
0,0.0037260938642187467,0
0,0.0014156623914830752,0
0,0.022557284555996676,0
0,0.014289766791528291,0
0,0.006476691729936784,0
0,0.008406926841225688,0
0,0.0018746157995364284,0
0,0.026042111119856628,0
0,0.020590716578747163,0
0,0.0035520790372659387,0
0,0.004994209854365677,0
0,0.0029688661610895416,0
0,0.0011087877417055914,0
0,0.006916391514221111,0
0,0.0006683382258628157,0
0,0.057803666407079915,0
0,0.0013911934650470397,0
0,0.03173648586687762,0
0,0.00120769131218925,0
0,0.0019628209455622714,0
0,0.0021718980930082957,0
0,0.0012466455660488183,0
0,0.013574103698823312,0
0,0.00731728745278932,0
0,0.001619098716157924,0
0,0.002542582880382231,0
0,0.005970652657568463,0
0,0.0015154430064966775,0
0,0.0021953423287471604,0
0,0.0003645127127574287,0
0,0.006205560196725078,0
0,0.0004859356868438531,0
0,0.3518739770087663,0
0,0.0013856818770586503,0
0,0.0037108253527812374,0
0,0.0017901359377349058,0
0,0.0015016589755652496,0
0,0.000758823972617275,0
0,0.0010891929038988344,0
0,0.0013616041198077197,0
0,0.004965545309400314,0
0,0.014824885305973702,0
0,0.0004555904529575196,0
0,0.015137169744068894,0
0,0.00912879729451871,0
0,0.0038456995433570123,0
0,0.00036437026799642614,0
0,0.002746259913401452,0
0,0.0014242917819657685,0
0,0.007941790234015545,0
0,0.017223884932340408,0
0,0.023137476475305313,0
1,0.9595785180615579,1
0,0.00045328369800118557,0
0,0.03447348467176464,0
0,0.0015489084842175557,0
0,0.0015709321897685047,0
0,0.005408228715311394,0
0,0.0028205644349835355,0
0,0.004889029835612277,0
0,0.005320566721609025,0
0,0.0027799143950621623,0
0,0.0012713402472172624,0
0,0.0016904518690978153,0
0,0.00370545338930647,0
0,0.001101327428173139,0
0,0.0028762868647351143,0
0,0.006201154162288294,0
0,0.0019424175912567676,0
0,0.003533307574750491,0
0,0.0028140699558074854,0
0,0.000515065553969338,0
0,0.01420634556854473,0
0,0.001325737018076925,0
0,0.0019424175912567676,0
1,0.8013760428193362,1
0,0.00040264676103141084,0
0,0.00817417038142783,0
0,0.000475349990774288,0
0,0.0011607845048789566,0
0,0.0019977501519761616,0
0,0.004301561785999601,0
0,0.008495829454277827,0
0,0.0019927711181454916,0
0,0.001975533753387289,0
0,0.0019424175912567676,0
0,0.013473123840927208,0
0,0.018881854229561595,0
0,0.001494336095827937,0
0,0.0008089189569633584,0
0,0.007820595900906196,0
0,0.002272215049774413,0
0,0.0027923234637089846,0
0,0.037982687701886765,0
0,0.002294385971740562,0
0,0.009618987166179266,0
0,0.003587022299396676,0
0,0.0036069188342107462,0
0,0.0022850485424982816,0
0,0.02916700009321261,0
0,0.0052128855936318975,0
0,0.6109928622324801,1
0,0.006836467020733738,0
0,0.0037052714198861506,0
0,0.005911915014766405,0
0,0.07786781142688803,0
0,0.0037169934647148673,0
0,0.0036927040675436757,0
0,0.003018525125791289,0
0,0.001672061725396106,0
0,0.006881554047810833,0
0,0.003262152335902644,0
0,0.004383508993809594,0
0,0.0013463884360464039,0
0,0.001208245314648196,0
0,0.0021195288329745507,0
0,0.0021156969562090575,0
0,0.002034835073822126,0
0,0.013506201952765973,0
0,0.05064290311327517,0
0,0.001451248644278234,0
0,0.0015642673986242465,0
0,0.0012657071926305704,0
0,0.006329706905750278,0
0,0.00161516913803818,0
0,0.0010928624759043415,0
0,0.0011006050696379284,0
0,0.0035007065579858955,0
0,0.002797051045970034,0
0,0.03797698287292367,0
0,0.00020454796698990657,0
0,0.0010584629993102147,0
0,0.0008186929192561952,0
0,0.013448921733570653,0
0,0.016647204589278226,0
0,0.00102859507888587,0
0,0.012241274972984276,0
0,0.0004523073618027234,0
0,0.004603377113440421,0
0,0.002075148832371704,0
0,0.0011078138569113017,0
0,0.008574667375948974,0
0,0.003300715940316633,0
0,0.0011141220894665238,0
0,0.008656558579317063,0
1,0.9167304527427775,1
0,0.0015876653981982897,0
0,0.019106721524632143,0
0,0.0025419530432754193,0
0,0.007869798456201556,0
0,0.004175176634572723,0
0,0.002017489405921475,0
0,0.0009552243122528006,0
0,0.001883981949056808,0
0,0.010519158628724311,0
1,0.01183113046760638,0
0,0.027184025170110374,0
0,0.0021312769960415163,0
0,0.008064546817295523,0
0,0.005343109535155874,0
0,0.42315112192014065,0
0,0.005279446848240286,0
0,0.05787322431492674,0
0,0.0008603210323612066,0
0,0.001798829261583938,0
0,0.0009462203952057663,0
0,0.6889316059271319,1
0,0.0011540236575342576,0
0,0.0018746157995364284,0
1,0.9206409879202331,1
0,0.0020753737830634983,0
1,0.39342233418812667,0
0,0.0023110596422230324,0
0,0.010946756806163636,0
0,0.001354555538644432,0
0,0.003933038813098456,0
0,0.004524711329827306,0
0,0.0016340016750435952,0
0,0.0019610855889608285,0
0,0.001146840759024191,0
0,0.0021035452335699386,0
0,0.008335728290934714,0
0,0.012606429055933017,0
0,0.004529774688761881,0
0,0.007536243343925559,0
1,0.9496049667139452,1
0,0.0010551456704519717,0
0,0.0010447630159209392,0
0,0.004537999187528754,0
0,0.0006986747801677356,0
0,0.005180999272070444,0
0,0.0013165254921556108,0
0,0.0005664940456270279,0
0,0.010342539824289027,0
0,0.003271632803881119,0
0,0.0019932051906894816,0
0,0.0007966113507192222,0
0,0.007747442418876956,0
0,0.016153490764002475,0
0,0.0009657915463740494,0
0,0.017839805760480602,0
0,0.005707335802199844,0
0,0.06368430742685426,0
0,0.0018553635659841953,0
0,0.0006131892706309027,0
0,0.002185784425379104,0
0,0.00488638087999718,0
0,0.004188459841082112,0
0,0.0031139695684915263,0
0,0.005961764686775624,0
0,0.002447217832746663,0
0,0.0115556922346512,0
0,0.0008514581154753322,0
0,0.000818081656121376,0
0,0.07829310821984936,0
0,0.0016019484505939052,0
0,0.004319547265971427,0
0,0.002351526200570937,0
0,0.010850305001803756,0
0,0.0030401273973727177,0
0,0.0035514532676542924,0
0,0.011482616141273317,0
0,0.08677179952454545,0
0,0.0003859814693076309,0
0,0.0024275451366699867,0
0,0.0018737661854431116,0
0,0.04650827986082006,0
0,0.0003832516261030938,0
0,0.10525863588481447,0
0,0.0021976292644086525,0
0,0.001848996848627094,0
0,0.0002592256316827434,0
0,0.0007653383100066084,0
0,0.0016272859570782379,0
0,0.0010794032411449916,0
0,0.0013464407042199271,0
0,0.009801979768886627,0
0,0.002185784425379104,0
0,0.01704310846848702,0
0,0.003678616053238106,0
0,0.0030598994564679854,0
0,0.0018138966424966108,0
0,0.08537317884718695,0
0,0.0004960325122406595,0
0,0.0016052663850272288,0
0,0.0027055798054039745,0
0,0.00454302842181842,0
0,0.07285675133180901,0
0,0.006000842764005797,0
0,0.0006876950353996165,0
0,0.08604299201649536,0
0,0.0006927064456337227,0
0,0.03281097663049713,0
0,0.013339010414303052,0
0,0.002177681179369732,0
0,0.0027526278365647187,0
0,0.004488752897190893,0
0,0.007283362238748106,0
0,0.003633106244610753,0
0,0.0006589203096021054,0
0,0.001059695793111869,0
0,0.0008788614614213179,0
0,0.0020290416528608414,0
0,0.02294387673382204,0
0,0.0032657463224252834,0
0,0.02292009654726561,0
0,0.0011724416773560833,0
0,0.0028942347462692624,0
0,0.0009661363325358808,0
0,0.003050762520392773,0
0,0.05732714916628253,0
0,0.0020298963650871287,0
0,0.0016149171227092267,0
0,0.0010220348577787116,0
0,0.0004503221578839912,0
0,0.001129407473203291,0
0,0.08606115272814265,0
0,0.00303590871895847,0
0,0.0074495997163629216,0
0,0.0006896078813385555,0
0,0.010245975252165706,0
0,0.01900542441895863,0
0,0.0021222257413064253,0
0,0.0005483256158324565,0
0,0.0016745212610785503,0
0,0.063740891329981,0
0,0.0016994716980860533,0
0,0.0015050616238817536,0
0,0.0024465454707181204,0
0,0.0025999228857416816,0
0,0.0015147331792329858,0
0,0.005488183829707698,0
0,0.0021962250659120805,0
1,0.9378275668679441,1
0,0.00423475895446335,0
0,0.00494733511053398,0
0,0.0006750716309451687,0
0,0.0012075412526489043,0
0,0.003773207244958843,0
0,0.003362107009247771,0
0,0.03802098192867051,0
0,0.0014276056037976382,0
0,0.0023363984548646494,0
0,0.004539512634823927,0
0,0.005653569133659933,0
0,0.00264082619944036,0
0,0.037147889687643196,0
0,0.0077156473376146,0
0,0.013511205132348846,0
0,0.0006393466422352431,0
0,0.011001077810152849,0
0,0.0034631966862729417,0
0,0.007970260122260271,0
0,0.004578100744879807,0
0,0.1594931988616266,0
0,0.003321998194691006,0
0,0.033594469421384776,0
0,0.013613220004269976,0
0,0.0055244658617245555,0
1,0.9612558862059171,1
0,0.0035225840932131417,0
0,0.021933058961879207,0
0,0.0015687690763233728,0
0,0.004466856454732509,0
0,0.002429253315828223,0
0,0.0013661795555085171,0
0,0.011417906321253005,0
0,0.00026089882201230254,0
0,0.001153409640660122,0
0,0.018545327154799472,0
0,0.0004851914699349956,0
0,0.0007277543736261717,0
0,0.0016463597963922287,0
0,0.0026692748441226456,0
0,0.0008346895040577436,0
0,0.0048694760273223624,0
0,0.0023683008284118854,0
0,0.0022309498468989046,0
0,0.009782896239851423,0
0,0.046511284094344504,0
0,0.012535696168022569,0
0,0.0007720787351617802,0
0,0.004896331842777888,0
0,0.008955483558294255,0
0,0.0009657924107569027,0
0,0.0007659865902054867,0
0,0.000967064774183784,0
0,0.003946594750230259,0
0,0.002008918745244342,0
0,0.0018664141083828258,0
0,0.00025256884314753204,0
0,0.011333662838273025,0
0,0.012069137855770257,0
0,0.008368989917623271,0
0,0.05699628403968424,0
0,0.0015294103578309963,0
0,0.0020753737830634983,0
0,0.01154719550832635,0
0,0.08338144426372039,0
0,0.014779541181177512,0
0,0.0020753737830634983,0
0,0.012588597408788087,0
1,0.3081796443147993,0
0,0.0012514251290081267,0
0,0.002413273416016528,0
0,0.001354209514103838,0
0,0.04996910616180244,0
0,0.901992443725404,1
0,0.0010665074211563899,0
0,0.05966960733127086,0
0,0.0025602181087445728,0
0,0.0016111228388074584,0
0,0.003572573280891344,0
0,0.0016887629618406853,0
0,0.0040357895343890605,0
0,0.0005160046349188001,0
0,0.0010951291130346858,0
0,0.0020667117626031245,0
0,0.051254752839325096,0
0,0.001371735882956957,0
0,0.00933750262806567,0
0,0.012602882803763904,0
0,0.0034287298721469295,0
0,0.009971422550346753,0
0,0.0019424175912567676,0
0,0.007374964874010832,0
0,0.004301561785999601,0
0,0.004653860278701169,0
0,0.011171730009136934,0
0,0.0003590278954361611,0
0,0.001915809979489988,0
0,0.0005453686978929025,0
0,0.0009761480015431855,0
0,0.014484114925486465,0
1,0.9657101553956102,1
0,0.004134775337675152,0
0,0.005021590029433046,0
0,0.002242904863185743,0
0,0.0017390337760744357,0
0,0.011038936612512373,0
0,0.02127630888885028,0
0,0.0019424041635981329,0
0,0.0015942799380772616,0
0,0.0007478504543454819,0
0,0.0016052713805148262,0
0,0.002018839654825114,0
0,0.015051506705655793,0
0,0.0012685658690009113,0
0,0.0008151031171000726,0
0,0.0021241262174990167,0
0,0.0007304869766315641,0
0,0.017201869965397153,0
0,0.0019424041635981329,0
0,0.004162651453584522,0
0,0.0036786477926539635,0
0,0.0017629533322961095,0
0,0.003609046971839817,0
0,0.0024408650497781507,0
0,0.024821981893565454,0
0,0.010589758605927738,0
0,0.003933657955397075,0
0,0.028084914085856325,0
0,0.001258095665520602,0
0,0.0009016351011224765,0
0,0.0024812625906378877,0
1,0.7494812619639634,1
0,0.03987459995292829,0
0,0.0020106038891443334,0
0,0.0005666993561154412,0
0,0.004317078646205429,0
0,0.0019786050816954803,0
0,0.003984378556935766,0
0,0.0017686250242995023,0
0,0.000729627047043461,0
0,0.01095970872696123,0
0,0.007307467471295722,0
0,0.0019424175912567676,0
0,0.0024408650497781507,0
0,0.0007152684998929185,0
0,0.001356004172445567,0
0,0.0009258539423395076,0
0,0.0009311692731223251,0
0,0.001632214423602299,0
0,0.0016861868199914377,0
0,0.005071543785301959,0
0,0.0022631595426415105,0
0,0.0033144600686172703,0
0,0.0014427179072188606,0
0,0.0021623460408760086,0
0,0.0007746899993590561,0
0,0.031058798359769883,0
0,0.007273802558107504,0
0,0.0016817003936453003,0
0,0.0031812738093310844,0
0,0.011954374756963235,0
0,0.009995734420455621,0
0,0.07022766568513752,0
0,0.0015721369340333908,0
0,0.005208817421982681,0
0,0.001302650283796817,0
0,0.001227432849760806,0
0,0.004029644690730496,0
0,0.014541620019627034,0
0,0.0013408513857361421,0
0,0.003393692769925931,0
0,0.0017080437935084042,0
0,0.002692912660555768,0
1,0.7494812619639634,1
0,0.007499558981049738,0
0,0.0018616820284744096,0
0,0.017220526801365706,0
0,0.003634629007670996,0
0,0.0060468088722043945,0
0,0.001615423403676319,0
0,0.1575113961110266,0
1,0.24835107294344064,0
0,0.001348272878190249,0
0,0.0014588201532198587,0
0,0.0009975596735813616,0
0,0.0018526799885377771,0
0,0.01104576426481321,0
0,0.001733781698822435,0
0,0.0005963520603220676,0
0,0.002896948945872369,0
0,0.11323755254934594,0
0,0.001285727513588546,0
0,0.003678312791964404,0
0,0.004768865723669685,0
0,0.0012185669349877646,0
0,0.0028707907618401524,0
0,0.0021596902402685777,0
0,0.05066787410179707,0
0,0.061389611172845596,0
0,0.010817246895484113,0
0,0.005627442386380087,0
0,0.009263879722637014,0
0,0.001521363158093726,0
0,0.027362135118011173,0
0,0.0013363695719385412,0
0,0.0008641553424006008,0
0,0.003844507374124868,0
0,0.0032437107928469907,0
0,0.021434809811658344,0
0,0.0008808834691378567,0
0,0.07794164784494034,0
0,0.0021976292644086525,0
0,0.0005030857665059975,0
0,0.0018605545560544902,0
0,0.004928065917345636,0
0,0.11503009493836985,0
0,0.0048124078762375195,0
0,0.007314683952805802,0
0,0.00046151047329809727,0
0,0.0015936145100307049,0
0,0.00173742834790623,0
0,0.001334860916155207,0
0,0.0011771746257953465,0
0,0.0013283139490526453,0
0,0.0011480183872429267,0
0,0.04823393972609018,0
0,0.0065336929925890064,0
0,0.0021091409936657727,0
0,0.002756207515415358,0
0,0.0026394910775511798,0
0,0.015796095472129474,0
0,0.0011977429170662423,0
0,0.0026745502116834186,0
0,0.0008614856073018792,0
0,0.0035313877330015583,0
0,0.0031012125865620766,0
0,0.0033369205578112635,0
1,0.04166963658749206,0
0,0.000485947656445481,0
1,0.21097866079878363,0
0,0.0011842303361862371,0
0,0.001904002220227258,0
0,0.002180112433616973,0
0,0.0023129598118679794,0
0,0.0009573342447440083,0
0,0.004049074544522169,0
0,0.0026411331597697455,0
0,0.004509937869948551,0
0,0.002917591553986962,0
0,0.0011851573507811802,0
0,0.0004779229590849711,0
0,0.001172788172178382,0
0,0.0034639964644990577,0
0,0.0010876287484978286,0
0,0.0009658001235825625,0
0,0.00044673874483992765,0
0,0.0022082103163461172,0
1,0.977722195516175,1
0,0.0027553983800350777,0
0,0.0018023727399390055,0
0,0.0018629883341593108,0
0,0.0008052109475077867,0
0,0.0022968331985450574,0
0,0.0021777370993052375,0
0,0.0018746157995364284,0
0,0.006878589887855398,0
0,0.0026768122206981774,0
0,0.012582734681566572,0
0,0.0010412791320659539,0
0,0.01143463438952327,0
0,0.0018746157995364284,0
0,0.0009657826133956777,0
0,0.000708714224872067,0
0,0.00044236581311554214,0
0,0.0013332608901429177,0
0,0.00819678762982322,0
0,0.001061197993773859,0
0,0.0004267641242571373,0
0,0.02254671541474525,0
1,0.14503629775216909,0
0,0.0066120267766683356,0
0,0.015143847405947397,0
0,0.004509937869948551,0
0,0.002836107408736537,0
0,0.004417158531791731,0
0,0.0003843712285582742,0
0,0.001527544183693057,0
0,0.0013081275041727557,0
0,0.0067078808728412665,0
0,0.009627548742990936,0
0,0.004865607052444407,0
0,0.0008036402053433995,0
0,0.003708987491949203,0
1,0.968667903563619,1
0,0.0014759021819406586,0
0,0.003945292669119107,0
0,0.0007538685852123,0
0,0.012091481182356138,0
0,0.006357378110660743,0
0,0.010078194616621326,0
0,0.006056423449749488,0
0,0.003324692042156667,0
0,0.0021404442786503164,0
1,0.9625390460062588,1
0,0.003997174857273653,0
0,0.017877565501245057,0
0,0.0017127270011517682,0
0,0.0022420290608554092,0
0,0.0011789659247839767,0
0,0.008686074973788808,0
0,0.0018746157995364284,0
0,0.0031266136798307562,0
0,0.003229668710690033,0
0,0.01419631231913538,0
0,0.048556680972872544,0
0,0.0004914704335877824,0
0,0.003078712717256238,0
0,0.0020401791219885413,0
0,0.012679392951666838,0
0,0.0018746157995364284,0
0,0.005899493929719353,0
0,0.02509010948643181,0
0,0.000402230424779595,0
0,0.0027554064271967586,0
0,0.0019740243950547376,0
0,0.010015331739697753,0
0,0.0018746157995364284,0
0,0.11820357599838131,0
0,0.025170121831705666,0
0,0.0010721462556396314,0
0,0.002151773489824969,0
0,0.012004621336387935,0
0,0.002234669768906275,0
0,0.003204572172059308,0
0,0.002421354272153886,0
0,0.0009657924107569027,0
0,0.003523709898504925,0
0,0.0007754389480933181,0
0,0.015606743308180553,0
0,0.004065766556104713,0
0,0.0012202880766981426,0
0,0.016484919705110786,0
1,0.8592781834194687,1
0,0.006554891939888258,0
0,0.0011933779495080124,0
0,0.010958450229749997,0
0,0.06804109029799009,0
0,0.08319814623749111,0
0,0.0076720216035165816,0
0,0.0062164763109480315,0
1,0.16151522216902825,0
0,0.019586250014437853,0
0,0.11102130128203833,0
0,0.010755760250487734,0
0,0.004892113704217853,0
0,0.002371594870988352,0
0,0.0018022811488709453,0
0,0.010078194616621326,0
0,0.0012693891458251207,0
0,0.004477119217046838,0
0,0.0006951397122539965,0
0,0.0018273446482897603,0
0,0.00864748777987358,0
0,0.004387107757924216,0
1,0.9776983535470292,1
0,0.0006454155028556999,0
0,0.005118499329704979,0
0,0.0017552998053640772,0
0,0.0007434769122519449,0
0,0.0024099123938906976,0
0,0.004494849322811351,0
0,0.0018746157995364284,0
0,0.0007429928944947306,0
0,0.0013166345139054123,0
0,0.002807475050944447,0
0,0.0023292320886479185,0
0,0.013433670184616374,0
0,0.004891534796157284,0
0,0.0004568539872807934,0
0,0.001433981093481434,0
1,0.8029846539984713,1
1,0.9903930141920911,1
0,0.0027315631395518378,0
0,0.002942994142542002,0
0,0.10013563328514366,0
0,0.001116718854018127,0
0,0.005609537240986142,0
0,0.0018343889204367639,0
0,0.0018366110149128146,0
0,0.005115207583363871,0
0,0.0004968234807156186,0
0,0.0019503061559604548,0
0,0.014005317725879622,0
0,0.016001636602502374,0
0,0.0011528551411958002,0
0,0.027079456206814317,0
0,0.009218146740414483,0
1,0.009475347165379018,0
0,0.004656024506607645,0
0,0.0018214437009757883,0
0,0.002849491191255295,0
0,0.004132397584464462,0
0,0.009269094165998758,0
0,0.01427974508917155,0
0,0.005865723474930411,0
1,0.48243118907141214,0
1,0.40520027623570576,0
0,0.00144449316506208,0
0,0.008500973486399409,0
0,0.0016529136363551342,0
0,0.07300585996265618,0
0,0.003053469662370911,0
1,0.5820698775196016,1
0,0.04871124896101134,0
0,0.009278906225871315,0
0,0.0019601426197769795,0
0,0.0007831423825795582,0
0,0.00609544263310903,0
0,0.009327347787477945,0
0,0.007023063142499694,0
0,0.003907742065966939,0
0,0.06962185272919166,0
0,0.007498995636260513,0
0,0.06857773804470123,0
0,0.06070660086323616,0
0,0.0012075592200997435,0
0,0.0018746157995364284,0
0,0.0033910337781897174,0
0,0.00047523843147855916,0
0,0.0016387720762253196,0
0,0.00047276911276112905,0
0,0.027680545848807397,0
0,0.1905467512420885,0
0,0.008140097500989062,0
0,0.0018746157995364284,0
0,0.0013642886587522328,0
1,0.9027369733509023,1
0,0.0003827630844499762,0
0,0.0009582365779433034,0
0,0.0005498752500903859,0
1,0.5294266532528656,1
1,0.5389246655402974,1
0,0.008408574176072171,0
0,0.0031850033017773545,0
0,0.0010647424667647228,0
0,0.10970966842379141,0
0,0.0017036255760730888,0
0,0.001068396812835075,0
0,0.0017883597904548598,0
1,0.9903930141920911,1
0,0.002060548555482826,0
0,0.0010269648411507827,0
0,0.00395364036325129,0
0,0.0036069188342107462,0
0,0.0009158009648666242,0
0,0.0017851858847894005,0
0,0.0028226083819897323,0
0,0.004064546555171685,0
0,0.003799449803279345,0
0,0.005168538091581871,0
0,0.0010317084221358143,0
0,0.0035767363579281217,0
0,0.0009896959117270002,0
0,0.0018746157995364284,0
0,0.0022025585019356453,0
0,0.0019571809461417394,0
0,0.0019625337684021013,0
0,0.00047994736678218144,0
0,0.0007437439479032778,0
0,0.012861029985163488,0
0,0.0013275590113909822,0
0,0.0061675722294024845,0
0,0.002279381504925186,0
0,0.0018746157995364284,0
0,0.0015476263742651103,0
0,0.0006030984465257867,0
0,0.0005287844658078419,0
0,0.06762010088601525,0
0,0.09094247764819219,0
0,0.016009238891568876,0
0,0.008013174933558163,0
0,0.02341776460210665,0
0,0.00119073152425926,0
0,0.00586873031938446,0
0,0.00173059795402463,0
0,0.0018136310482385711,0
0,0.001942407642397499,0
0,0.0016301460747188004,0
0,0.0009657914478704856,0
0,0.0006025873703469609,0
0,0.045291986183468656,0
0,0.004671834388851886,0
1,0.8824740848246247,1
0,0.01595560281826285,0
0,0.002865323777685822,0
0,0.002197632751349911,0
1,0.9027369733509023,1
0,0.006079000958772941,0
0,0.0028209125439756073,0
0,0.0009657947431851541,0
0,0.0010175566286495111,0
0,0.0022278030009370443,0
0,0.30919689835942815,0
0,0.030124213499819467,0
0,0.010053353293445385,0
0,0.0015806488671923523,0
0,0.0014324494603102037,0
0,0.0020753737830634983,0
0,0.00039093131159381993,0
0,0.005371627436313477,0
0,0.0674169621263162,0
0,0.0016709463611666964,0
0,0.010052005121245822,0
0,0.0036165300990314135,0
0,0.00185003123075384,0
0,0.0006420704800518162,0
0,0.0023252463636268253,0
0,0.002696825962417094,0
0,0.001918309097959159,0
0,0.0017567396666685854,0
0,0.037549463424247934,0
0,0.016506539712199928,0
0,0.0017513843251839183,0
0,0.0013040235799053543,0
0,0.0014022261263870626,0
0,0.0011023371689855702,0
0,0.0020631417915148624,0
0,0.004019310315918512,0
0,0.06739407951994043,0
0,0.0033091818549658347,0
0,0.0002955374753294197,0
0,0.053841667100801655,0
0,0.0052526473056895406,0
0,0.002378175188560706,0
0,0.00449622395574773,0
0,0.0032139986587772064,0
0,0.002759528396186896,0
0,0.0029300645143750586,0
0,0.0014690399930378838,0
0,0.014551408323247238,0
0,0.0029666034149504732,0
0,0.0005725934957816535,0
0,0.006048492301956074,0
0,0.0024870497345620864,0
0,0.005470811187487232,0
0,0.0009744637349854914,0
0,0.0007582230524192609,0
0,0.0005011950108845967,0
0,0.002099893059081714,0
0,0.009161914416781276,0
0,0.0019096948217866522,0
0,0.044443155712266,0
0,0.011368255906795376,0
0,0.0008123083410381488,0
0,0.0007288381620474825,0
0,0.00306614543797303,0
0,0.8247588227551861,1
0,0.0019327269467465965,0
0,0.0024544936682385507,0
0,0.0024239088772691083,0
0,0.00040052738385010044,0
0,0.0031249650882574837,0
0,0.007828103505691266,0
1,0.95503540322688,1
0,0.017461338662486184,0
0,0.00149964109556583,0
0,0.001905528517651257,0
0,0.028108976164293045,0
0,0.0022668483583480714,0
0,0.0009159723010361612,0
0,0.04790025537583417,0
0,0.004795462789938322,0
0,0.0018746157995364284,0
0,0.0008574883684206504,0
0,0.0018192440912413962,0
1,0.968667903563619,1
0,0.001169239959566233,0
0,0.0009222291943393798,0
0,0.010877452093696728,0
0,0.00071520793808059,0
0,0.011483445651985943,0
0,0.0008060834472457555,0
0,0.010292503628885907,0
0,0.002536527899926013,0
0,0.005281192857393445,0
0,0.0030819936139292684,0
0,0.0017315327694445099,0
0,0.0002836757483694298,0
0,0.03845266157189234,0
0,0.000594033474786617,0
0,0.004581449235661899,0
1,0.9416037283004481,1
0,0.002029078778757474,0
0,0.0010218227281087737,0
0,0.05036385654455622,0
0,0.0012729868901534944,0
0,0.009525711873486997,0
0,0.005707335802199844,0
0,0.0032038679427099995,0
0,0.003844052303631187,0
0,0.001579013264123914,0
0,0.00048594001748332417,0
0,0.002197686517517831,0
0,0.007548374685697147,0
0,0.004289605470493168,0
0,0.013283557304392827,0
0,0.0704167981186721,0
0,0.001110667999098136,0
0,0.003371133225967759,0
0,0.003087330393662455,0
0,0.008751254676212319,0
0,0.008373695957033873,0
1,0.05685372709034875,0
0,0.0019410787407936815,0
0,0.004288387411730887,0
0,0.0010307631965746592,0
0,0.0016207371336787635,0
0,0.007390375060742641,0
0,0.0006069847204725963,0
0,0.08492032880479247,0
0,0.01778362269196663,0
0,0.0009657947431851541,0
0,0.003908163109788936,0
0,0.0007414867590140053,0
0,0.0004532803954735976,0
0,0.01572228239319373,0
0,0.0019087482672398562,0
0,0.001526353921459654,0
0,0.01899929753832464,0
0,0.0013788322300198224,0
0,0.002644294019775161,0
0,0.0018746157995364284,0
0,0.0053139401716787975,0
0,0.0011547944608762237,0
0,0.0009564259893966474,0
0,0.0027622332362322475,0
0,0.002541267656450728,0
0,0.0012756735693501792,0
0,0.0014441030692287373,0
0,0.0033838437395044096,0
0,0.005910572422295937,0
0,0.0027245149151921984,0
0,0.0030459070241352013,0
0,0.0010070811929736886,0
0,0.00506425903929824,0
0,0.020543932598749478,0
0,0.0006339942956119704,0
0,0.01308328793639537,0
0,0.014390645184119975,0
0,0.0018136447595575866,0
0,0.0024614253407084763,0
0,0.0439407654375676,0
0,0.0018746157995364284,0
0,0.0004441085930890685,0
0,0.0002158937554790676,0
0,0.0013263256755858986,0
0,0.0009673473691132668,0
0,0.000689958857757479,0
0,0.006367736566611409,0
0,0.003946074359585253,0
0,0.0034367999891364454,0
0,0.027041851100875883,0
0,0.003236452361065185,0
0,0.0012604523955376617,0
0,0.003464198968582487,0
0,0.002068587551624527,0
0,0.0025796119924411977,0
0,0.000734027745898797,0
0,0.0012291266992786628,0
0,0.001580961529767767,0
0,0.0032249010250517407,0
0,0.013352988836899997,0
0,0.003829585844908741,0
0,0.0017197283915050886,0
1,0.9638077438483249,1
0,0.002142185952979828,0
0,0.005155450035810832,0
0,0.007118556861177122,0
0,0.006916529963222097,0
0,0.015581635462757022,0
1,0.6810138059003876,1
0,0.0033973684930383406,0
0,0.004033431452778978,0
0,0.00429679593572241,0
0,0.0018746157995364284,0
1,0.07704740614379474,0
0,0.03148205229143057,0
0,0.0010049035903410722,0
0,0.0006986675794444417,0
0,0.00074397780249832,0
0,0.002692887347266859,0
0,0.07014827340080229,0
0,0.002236795260598674,0
0,0.0010428740186310286,0
0,0.15019309045161447,0
0,0.0005350904286881015,0
0,0.0012916783715240594,0
0,0.0009435963557385579,0
0,0.002214630192373433,0
0,0.004015359240863419,0
0,0.00494079097902104,0
0,0.0010017996564360213,0
0,0.0016734682236989218,0
0,0.007552419395505236,0
0,0.001509455618630578,0
0,0.004015359240863419,0
0,0.001379432536272285,0
0,0.0006218005354025508,0
0,0.00196443493306287,0
0,0.0005922494043607148,0
0,0.0011631732252456576,0
0,0.0038196238930374446,0
0,0.0016429820506123553,0
0,0.027659081674144177,0
0,0.009502018096843643,0
0,0.00375206372692752,0
0,0.002017903524815899,0
0,0.00031881432510956926,0
0,0.007539541363372981,0
0,0.0008121086222939851,0
0,0.00046100982634420136,0
0,0.00039702337063217267,0
0,0.004872383387197057,0
0,0.0064027815900439995,0
0,0.0018746157995364284,0
0,0.006204506210082943,0
0,0.02354245463228713,0
0,0.0017382773359724895,0
0,0.010976713158953828,0
0,0.010055145601053226,0
0,0.004918047723121063,0
0,0.0025853824316535295,0
0,0.004653128130073188,0
0,0.0009772753036438866,0
0,0.023536546004839936,0
0,0.002050945705869611,0
0,0.0013576517735762786,0
0,0.013502960686207068,0
0,0.002567078616753483,0
1,0.9747218373490955,1
0,0.004215318109682141,0
0,0.008280984464845029,0
0,0.001267505104544496,0
0,0.05014655904290205,0
0,0.0009199161910093073,0
0,0.0016091362751303197,0
0,0.0018746157995364284,0
0,0.00638980962635296,0
1,0.968667903563619,1
0,0.003768718078471872,0
0,0.002339693155395301,0
0,0.0012945602380218357,0
0,0.010755760250487734,0
0,0.0012293373449502442,0
0,0.0018746157995364284,0
0,0.002516183875258012,0
0,0.011747623664681434,0
1,0.48096679655840957,0
0,0.004570028516748634,0
0,0.0011146007621932008,0
0,0.002622862713840833,0
0,0.011417725906151519,0
0,0.0015763570409112093,0
1,0.8001297372180708,1
0,0.052827184704521676,0
0,0.001300559051559915,0
0,0.0020684758466462134,0
0,0.007079996650667535,0
0,0.053539582825162774,0
0,0.006056279953730474,0
0,0.0029184393585006928,0
0,0.00068246478476227,0
0,0.0018746157995364284,0
0,0.0015014732840004266,0
0,0.059665565922057184,0
0,0.007273848572570633,0
0,0.0020479432404153473,0
0,0.001400669879037169,0
0,0.009633143343628997,0
0,0.00039673686609070986,0
0,0.0011699513314328547,0
0,0.0019342489635845882,0
0,0.0006239556774175271,0
0,0.003812967255707801,0
0,0.0018746157995364284,0
0,0.0013297873758506028,0
0,0.04327958641066852,0
0,0.0014355596557330808,0
0,0.0014151955437805355,0
0,0.0013266704783757499,0
0,0.004666825894364436,0
0,0.0034992904985855187,0
1,0.48885872393492,0
0,0.011685970165067767,0
0,0.002132033705644372,0
0,0.0004314279295877915,0
0,0.007355493885515756,0
0,0.013486745070475953,0
0,0.006099239898635065,0
0,0.0017583054416226407,0
0,0.004562285579388398,0
0,0.001544427151390774,0
0,0.03000781280882182,0
0,0.008873853365710916,0
0,0.0022589995548827073,0
0,0.002161200123866936,0
0,0.0025737001732287976,0
0,0.022266174570738873,0
0,0.03381321595442851,0
0,0.004957825179839817,0
1,0.7530348529815981,1
0,0.0980706981927183,0
0,0.0018747952178589547,0
0,0.012348129562671086,0
0,0.00048594060153447677,0
0,0.012606613394629627,0
0,0.005984830862629291,0
0,0.0012482816302670794,0
0,0.0035138927297045045,0
0,0.022539517396264284,0
0,0.004324296384236944,0
0,0.005933564043729637,0
0,0.0011511312576572268,0
0,0.002169632170981245,0
0,0.001344136793186729,0
0,0.0025230190771813638,0
0,0.0072704644303841345,0
0,0.01671656717915366,0
0,0.006699629002965805,0
0,0.0011753412531559102,0
0,0.00738178521338442,0
0,0.025383853342126835,0
0,0.001218201003209311,0
0,0.006124933483224627,0
0,0.031380698826315424,0
0,0.005087328629003794,0
0,0.006766540064310354,0
0,0.003284157719627162,0
0,0.005472521217943064,0
0,0.75014298168021,1
0,0.0015011707848194894,0
0,0.004460511227686405,0
0,0.0008303774345302266,0
0,0.037100804752149615,0
0,0.0008493135900503306,0
0,0.009670788654475172,0
0,0.0010120151089182785,0
0,0.004915795117160828,0
0,0.008068782164221546,0
0,0.00119257179886971,0
0,0.004577926124689183,0
0,0.0016186217978831213,0
0,0.002326580459296124,0
0,0.004522306613497226,0
0,0.001035410075432195,0
0,0.009565685231863776,0
0,0.004460653733145175,0
1,0.8631393756334889,1
0,0.0031939363422540377,0
0,0.028100549179664147,0
0,0.0006533203742385305,0
0,0.00520892901297902,0
0,0.010207289702261283,0
0,0.0040536804360328865,0
1,0.9167304527427775,1
0,0.004929496366556188,0
0,0.0007793697905872275,0
0,0.0026068281547219556,0
0,0.010666179460329354,0
0,0.03428350606325477,0
0,0.0005410003112941941,0
0,0.0017291192678740696,0
0,0.005003197027400541,0
0,0.0008250286189882224,0
0,0.008317667931929791,0
0,0.009092556302695263,0
0,0.003644728044059329,0
0,0.011349680745915757,0
0,0.004887529105305518,0
0,0.0022226974667761005,0
0,0.0010049035903410722,0
0,0.03085388478780157,0
1,0.0963990549156219,0
0,0.0060233956777815114,0
0,0.0018746157995364284,0
0,0.0009226402259388843,0
0,0.000873472600375424,0
0,0.005195819002155114,0
0,0.005626283145363985,0
0,0.002519795193258918,0
0,0.002627547987105612,0
0,0.006374824374216926,0
0,0.05489723914085893,0
0,0.0015301077073329016,0
0,0.0005721610419492833,0
0,0.0009949380696212394,0
0,0.001071471414111045,0
0,0.0005288001453931823,0
0,0.0012776927752230149,0
0,0.00020142041451350268,0
0,0.0012557265795253528,0
0,0.0145251370015768,0
0,0.0018746157995364284,0
0,0.002279731761755184,0
0,0.0028511309113595715,0
0,0.0019424249477904046,0
0,0.00021653929141019743,0
0,0.0018746157995364284,0
0,0.0049277111387844505,0
0,0.004307744200686967,0
0,0.001721466486546459,0
0,0.05022109798799404,0
0,0.0012356046527343372,0
0,0.0011157459136588482,0
0,0.0015368744036902298,0
0,0.02253637740714351,0
0,0.0007680206502544437,0
0,0.0019698542655141025,0
0,0.0036069948709620808,0
0,0.0004903482956268963,0
0,0.0063136433209725045,0
1,0.6908827022221269,1
0,0.006348915466162713,0
0,0.0028876238820136737,0
0,0.005031988489469299,0
0,0.013060827133113649,0
0,0.0019729521995866636,0
0,0.0026342151895069775,0
0,0.0020684066399887045,0
0,0.00321681095628953,0
0,0.00171347675539407,0
0,0.00402236943830737,0
0,0.003038371901436102,0
0,0.008152740500650488,0
0,0.054336160638834285,0
0,0.0018746157995364284,0
0,0.0032698319169946967,0
0,0.16981777210335333,0
0,0.0015365839910851725,0
0,0.0018859562382530694,0
0,0.006299364754722031,0
0,0.005135941865758662,0
0,0.0010102306544775203,0
0,0.004711935405881015,0
0,0.010252115281214617,0
0,0.0030194994899167705,0
0,0.019796505163015055,0
0,0.0007110154997048277,0
0,0.0030423852216991615,0
0,0.005174022292200171,0
0,0.0019193666913264519,0
0,0.06751069471747731,0
0,0.0009012590503168696,0
0,0.0018746157995364284,0
0,0.01674766734801601,0
0,0.004052649481852811,0
0,0.000907159391080196,0
0,0.0013900379271017615,0
0,0.0011756127767515777,0
0,0.0016597617936197889,0
0,0.003933657955397075,0
0,0.0020753737830634983,0
0,0.000856340980653486,0
0,0.011213559906440254,0
0,0.0010973197028197748,0
1,0.3383840087519144,0
0,0.007560686081761876,0
0,0.013770371118566398,0
0,0.006628684001571937,0
0,0.026642534638244467,0
0,0.004666816561472052,0
0,0.0011511606248460972,0
0,0.0010548369208299867,0
0,0.0008340601013908171,0
0,0.0006664554692741648,0
0,0.0005453448967990748,0
0,0.001214467728905559,0
0,0.002726233143706556,0
0,0.05632607589830031,0
0,0.00974755290743919,0
0,0.004816280572007593,0
0,0.026712827112155377,0
0,0.01948098088165462,0
0,0.00035486994792333326,0
0,0.00959112393143578,0
0,0.00406555743626601,0
0,0.03248373395622901,0
0,0.0019424041635981329,0
0,0.0013386795572706608,0
0,0.0005674910647093172,0
0,0.07552264115110802,0
0,0.006847108068444449,0
0,0.07907321593882516,0
0,0.0014960250206008832,0
0,0.012891603875486716,0
0,0.0024335451794534613,0
0,0.000938038431566644,0
0,0.0025779893788429238,0
0,0.0006492751319401569,0
0,0.04243901485495777,0
0,0.002185970517885803,0
0,0.0021024875328190754,0
0,0.01851626883264834,0
0,0.06823889640418335,0
0,0.0020137764555544155,0
1,0.9483368762186024,1
0,0.001667060334806751,0
0,0.003083632275400991,0
0,0.0023547665185990638,0
0,0.008941689034008403,0
0,0.0543666114332811,0
0,0.02052660300647114,0
0,0.004032241308397195,0
0,0.008111348065459711,0
0,0.0010825645079910236,0
0,0.005433048439849786,0
0,0.061449968176525274,0
0,0.0020753737830634983,0
1,0.9398447167055659,1
0,0.006830394230015898,0
0,0.0020956155691695287,0
0,0.004357809757613578,0
0,0.0008246251569186418,0
0,0.0077155493200967516,0
0,0.0049222519694237426,0
0,0.021823388935316202,0
0,0.005095607365050145,0
0,0.001339918059118761,0
0,0.0009314923849016152,0
0,0.039099105087045324,0
0,0.0013633421260592694,0
0,0.005573378609275545,0
0,0.0011631732252456576,0
0,0.0020599796632569094,0
0,0.0816058700135876,0
0,0.016762273402366835,0
0,0.005441532826981768,0
0,0.0014972936615672526,0
0,0.0016215383935977426,0
0,0.00335172661726142,0
0,0.0021157402627306906,0
0,0.003024233307725714,0
0,0.004454721738471744,0
0,0.007681131836363996,0
0,0.003166732693156784,0
0,0.00520892901297902,0
1,0.6560075969869024,1
0,0.0018746157995364284,0
0,0.011676681447572876,0
0,0.005266941198522593,0
0,0.0025495027276822334,0
0,0.004419330825295311,0
0,0.001223064325792916,0
0,0.0026700389841944373,0
0,0.0016391442883024205,0
0,0.0014606087142337997,0
0,0.004725042253645631,0
0,0.0025201349482998382,0
0,0.0014152975598265287,0
0,0.0004352263554917239,0
0,0.015396031601723119,0
0,0.0011826598193257001,0
0,0.005098113933437979,0
0,0.002079754684396426,0
0,0.007670038428078762,0
0,0.003790796634326464,0
0,0.013557569016597139,0
0,0.0036202374320794357,0
0,0.012653185358564318,0
0,0.008591579319344695,0
0,0.006116929308048394,0
0,0.004707036668856175,0
0,0.006523201525149711,0
0,0.004945969078816025,0
0,0.0022444284251853745,0
0,0.0010546633011169083,0
0,0.0009658066326588483,0
0,0.0015591424365735535,0
0,0.0018746157995364284,0
0,0.005252997230846844,0
0,0.04329354755338734,0
0,0.0013670315759728457,0
0,0.002380508943114919,0
0,0.0011468267173123147,0
0,0.002265141877149151,0
0,0.02012507197858942,0
0,0.020141859402915158,0
0,0.00116704464891005,0
0,0.009494290555110262,0
0,0.0018746157995364284,0
0,0.003933624348288226,0
0,0.0005767767109145668,0
0,0.0019145261729858662,0
0,0.008478537915585138,0
0,0.056492476184966146,0
0,0.009181882225259716,0
0,0.001416047234078681,0
0,0.015123479594736025,0
1,0.8523867177823009,1
1,0.033245504996891447,0
0,0.0005475158843101325,0
0,0.013925762376472967,0
0,0.002151742426962236,0
0,0.0013025599679410069,0
0,0.045338186884084794,0
0,0.0004299335006208659,0
0,0.006362146320687457,0
0,0.0055035032096462065,0
0,0.0059522301528644305,0
0,0.004474112269749494,0
0,0.001258642002900996,0
0,0.005306474890651843,0
0,0.00442855646747849,0
0,0.014332842983971689,0
0,0.0011653885192640433,0
0,0.0009137263087895316,0
0,0.0020778560026919204,0
0,0.001690104589798947,0
0,0.0008508966741842836,0
0,0.001846421638293836,0
0,0.00138021061322372,0
0,0.0013878119958076942,0
0,0.01079296309887082,0
0,0.0004724952096579948,0
0,0.022644896497074178,0
0,0.001699625159554915,0
0,0.005992400073041124,0
0,0.003114222938954836,0
0,0.0003658854656657334,0
0,0.0009657903992681812,0
0,0.0019526084372772342,0
0,0.01771489105049009,0
0,0.020133073500323402,0
0,0.008897991607862702,0
0,0.0037644949441826498,0
0,0.01904091904895512,0
0,0.0030532282787067845,0
0,0.0047155191276233785,0
0,0.0019448691821792126,0
0,0.003277173240019652,0
0,0.0008973741487050962,0
0,0.003891750962028954,0
1,0.22197868153749337,0
0,0.004453129963190949,0
0,0.001915878936155495,0
0,0.0009248401472641095,0
0,0.006594960947699878,0
0,0.05593119832503414,0
0,0.001907431148874897,0
0,0.0009344581366065425,0
0,0.021148261746246025,0
0,0.0018746157995364284,0
0,0.0031058280725010053,0
0,0.006071572832782838,0
0,0.0024211851194845696,0
0,0.0022330376206074107,0
0,0.001647848897831385,0
0,0.00406555743626601,0
0,0.09360659851414836,0
0,0.0008749613800081387,0
0,0.0016180129825944078,0
0,0.000499739379623785,0
0,0.0029822150958614376,0
0,0.0008112964000896567,0
0,0.00804446537894689,0
0,0.0019886524754661327,0
0,0.003179505735272013,0
0,0.0022834222266312,0
0,0.0012381861432259483,0
0,0.0017668816295670186,0
0,0.000485939349751503,0
0,0.000685982172920062,0
0,0.0007011267728526816,0
0,0.001467032889488999,0
0,0.007826920719087999,0
0,0.0006838741986501108,0
1,0.2621640826113039,0
0,0.0011082349447799364,0
0,0.007883778604303553,0
0,0.00514569807890152,0
0,0.0007324290189763079,0
0,0.05709483974701523,0
0,0.0019076140649424717,0
0,0.0030323367064396195,0
0,0.0205815067266975,0
0,0.0012182988096090495,0
1,0.977722195516175,1
0,0.0005529369320381397,0
0,0.0006402588704298732,0
0,0.011125266140320889,0
0,0.0011032935177857238,0
0,0.008622643770318827,0
0,0.004015984811412749,0
0,0.021962531732327744,0
0,0.001652539195946664,0
0,0.008353051015320422,0
0,0.0031701717233445876,0
0,0.032239108552561756,0
0,0.0018075111944046785,0
0,0.0030898797328533035,0
0,0.0004173789009108397,0
0,0.0011111642325872583,0
0,0.004013810799927217,0
0,0.0009212802567755219,0
0,0.0232425093222147,0
0,0.0028961938781592485,0
0,0.0022789408671363798,0
0,0.004066798534021028,0
0,0.0017901982936603933,0
0,0.005031988489469299,0
0,0.0009673337515906307,0
0,0.0013870179363910866,0
0,0.006365858784148588,0
0,0.002202484280926305,0
0,0.001963491174985935,0
0,0.0019094025939942797,0
0,0.0018273446482897603,0
0,0.0005761362568727635,0
0,0.010955747202834458,0
0,0.0016175484617186073,0
0,0.050492098705554864,0
0,0.0038055148153695725,0
0,0.0035736704427730037,0
0,0.018683823886243147,0
0,0.0004982698735631021,0
0,0.0019306265683908634,0
0,0.004682260260837935,0
0,0.0051868614184125365,0
0,0.0005896676101467481,0
0,0.004165538668362667,0
0,0.0016561687275696518,0
0,0.0010878670324613168,0
0,0.0008346895040577436,0
0,0.0026421627205918266,0
0,0.17644995759117033,0
0,0.0022038337689022445,0
0,0.002825415705829026,0
0,0.009700334056539174,0
0,0.015016213645786328,0
0,0.0007717904130229785,0
1,0.9637850055938828,1
0,0.002075148832371704,0
0,0.005701539213190035,0
0,0.014431623516049092,0
0,0.002528686677830314,0
0,0.0019565568957737463,0
0,0.003170192516902058,0
0,0.01849419535569487,0
0,0.004767142346636901,0
0,0.03841850395408078,0
0,0.0036069188342107462,0
0,0.0010479952931688968,0
0,0.0051513424606409505,0
0,0.0037645411240059537,0
0,0.008487724785873892,0
0,0.006459732097130721,0
0,0.0317333587093708,0
0,0.0022226974667761005,0
0,0.0010594925556198813,0
0,0.0018630439253454639,0
0,0.0004977976704767951,0
0,0.006443780089205969,0
0,0.022645274578019695,0
0,0.05454474452852624,0
0,0.0004783867412574157,0
0,0.0012891733707028072,0
1,0.024796651419657263,0
0,0.0239933136467969,0
0,0.0021545698621405086,0
0,0.00047639023457618306,0
0,0.009882937322881175,0
0,0.004317660638894622,0
0,0.00653978837856911,0
0,0.0007338906687406972,0
0,0.02012740610873001,0
0,0.0008083656019303236,0
0,0.031795902584602215,0
0,0.00093563104086928,0
0,0.0061131514142580695,0
0,0.0005473331488047169,0
0,0.0018057164639735277,0
0,0.0008432176778920983,0
0,0.002467257006442373,0
0,0.003623060460052406,0
0,0.011213970971876108,0
0,0.016209244915629143,0
0,0.0014616167104357653,0
0,0.06859935911403992,0
0,0.007681837254811677,0
0,0.0020137764555544155,0
0,0.0006437887369285045,0
0,0.0024289238741018915,0
0,0.001312997757643237,0
0,0.0021703620662972623,0
0,0.0019424175912567676,0
0,0.015576602809225105,0
0,0.003543151359298319,0
0,0.0019191858949198517,0
0,0.003728890726321538,0
0,0.0009957831081347283,0
0,0.0009961378049427353,0
0,0.0783417888708398,0
0,0.021233617628908175,0
0,0.00044225180355508104,0
0,0.005230051667807586,0
0,0.0039985710192405564,0
1,0.9626982792039571,1
0,0.004977257759016232,0
0,0.0015166514109129265,0
0,0.0019005762477322078,0
0,0.0019612462775579916,0
0,0.001605327800818032,0
0,0.0011894130042343228,0
0,0.0006493038283064599,0
0,0.004471706148060197,0
0,0.0007016401368221739,0
0,0.010010634330024644,0
0,0.011279612354743163,0
1,0.18984425352091483,0
0,0.004020081623670306,0
0,0.005508524133399497,0
0,0.005954557617905901,0
0,0.002185784425379104,0
0,0.0034459484998730057,0
0,0.0017655054376736052,0
0,0.0011746440350392999,0
0,0.00034553351493802893,0
0,0.006784117265420279,0
0,0.021918674360752108,0
0,0.030604836916086182,0
1,0.9557661677224731,1
0,0.14823708192437426,0
0,0.0007514629713925711,0
0,0.0018054379596753793,0
0,0.006629315859874654,0
0,0.0006495647242411649,0
0,0.002151742426962236,0
0,0.006784140826615898,0
0,0.002318691709494925,0
0,0.0005126923372897618,0
0,0.004628795519822935,0
0,0.0016054586990249657,0
1,0.6112913486712872,1
1,0.9378819006030876,1
0,0.015217018123135344,0
0,0.002466639903789175,0
0,0.0009065980971033954,0
0,0.003435381047451878,0
0,0.005865723474930411,0
0,0.0004878773698961523,0
0,0.04696452241111293,0
0,0.001086716591433493,0
0,0.06338143558184482,0
0,0.0017964360171297813,0
0,0.006483558751695529,0
0,0.020627346001278305,0
0,0.002593983586239433,0
0,0.002115622779840784,0
0,0.13516974663352227,0
0,0.0036653811199745985,0
0,0.001313855516207153,0
0,0.002091177964100289,0
0,0.008767084576090394,0
0,0.020026312112372525,0
0,0.0029098517652115597,0
0,0.017262527753743893,0
1,0.37581765231607883,0
0,0.004164306194465223,0
0,0.0019410787407936815,0
0,0.0010633056223651944,0
0,0.0011380398784564326,0
0,0.00476282537223391,0
0,0.01900414701560933,0
0,0.0012397398684415072,0
0,0.002780914103841357,0
0,0.012270452720758034,0
0,0.0011291243143209241,0
0,0.0008590075328531457,0
0,0.005478035304221978,0
0,0.002684637599238725,0
0,0.0311409036547053,0
0,0.001978894549050986,0
0,0.0007696036639230676,0
0,0.001697516550560254,0
0,0.0037173098564873314,0
0,0.0006890434114296073,0
0,0.0023033435527880074,0
0,0.0011446096176815984,0
0,0.0020757028545697574,0
0,0.004965945028799226,0
0,0.0010398725523126605,0
0,0.006117620685661703,0
0,0.0030827803707741707,0
0,0.0008974057770066133,0
0,0.0021976292644086525,0
0,0.0025149423119533226,0
0,0.013704723367783188,0
0,0.003272091586798266,0
0,0.008982393475850971,0
0,0.004560676428977032,0
0,0.0018746157995364284,0
0,0.06530943688956169,0
0,0.0205902174076131,0
0,0.0021992297957113115,0
0,0.0017858083549798095,0
0,0.0018746157995364284,0
0,0.0019424041635981329,0
0,0.03682437521268332,0
0,0.0019424122967402592,0
0,0.0022372981794301,0
0,0.0006685023974499659,0
0,0.03917948933187317,0
0,0.0024271601958440543,0
0,0.01619925901106561,0
0,0.0018526799885377771,0
1,0.9286072871397475,1
0,0.0005685936640640891,0
0,0.003045021763751464,0
0,0.0009687633182980978,0
0,0.0018746157995364284,0
0,0.004369039616642173,0
0,0.0061198439718137595,0
0,0.0017350892161985011,0
0,0.028044500950851516,0
0,0.0060468088722043945,0
0,0.0027897992411049137,0
0,0.001836537034122438,0
0,0.0012140679590600689,0
0,0.005907821221631479,0
0,0.0013292389642659717,0
0,0.008798637667598965,0
0,0.002324444474368229,0
1,0.977722195516175,1
0,0.09437329228728238,0
0,0.011839760796554192,0
0,0.005566913080778906,0
0,0.013407546793183468,0
0,0.0019762167190586506,0
0,0.0021035957878668193,0
0,0.0007018527302938499,0
0,0.007294132175193247,0
0,0.0033636084997946494,0
0,0.0023209997190416715,0
0,0.0025476918333997792,0
1,0.5862241476679061,1
0,0.0018577201700714025,0
0,0.029352825025790518,0
0,0.0028209125439756073,0
0,0.003333744713046363,0
0,0.01665518257469121,0
0,0.0024028921813214056,0
0,0.0005804542968654133,0
0,0.0036711648602578213,0
0,0.0016560477757797554,0
0,0.013984430380491075,0
0,0.003049806883787703,0
0,0.0015768095220746172,0
0,0.003707223992405238,0
0,0.00116679854432811,0
0,0.005342560581061728,0
0,0.0008340994943798049,0
0,0.0017145701975377157,0
0,0.00048594366738680285,0
0,0.000701623682149909,0
0,0.008745755770748759,0
0,0.0038865864736077026,0
0,0.0007517733363729887,0
0,0.0020137764555544155,0
0,0.0018746157995364284,0
0,0.0033223816923860193,0
1,0.8622544609264629,1
0,0.0010161779802781406,0
1,0.4128441167340277,0
0,0.0012683058180667339,0
0,0.0018746157995364284,0
0,0.005380086070372695,0
0,0.0011513005765170802,0
0,0.0009657924107569027,0
0,0.0008713921401782457,0
0,0.0013294903893020138,0
0,0.0030361990850136314,0
0,0.002644182196543009,0
0,0.0016154785805359362,0
0,0.007751894352048555,0
0,0.001771753267569195,0
0,0.000571398350697625,0
0,0.0009741296111492505,0
1,0.4764449584856876,0
0,0.0010858831679025878,0
0,0.011100710165101026,0
0,0.000513935120236029,0
0,0.004975192670089299,0
0,0.0024194983383801147,0
0,0.002902900194672758,0
0,0.005070123070513372,0
0,0.010677458876015176,0
0,0.0011631732252456576,0
0,0.0016928291498336918,0
0,0.0011953228561135511,0
0,0.02712639268505005,0
0,0.0028846225387664398,0
0,0.0009469717762694849,0
0,0.004442022411438042,0
0,0.0018746157995364284,0
0,0.001596984255347627,0
0,0.0033284323759287682,0
0,0.0013896924739710604,0
0,0.003860290253398642,0
0,0.0038472162539345423,0
0,0.003847573676949699,0
0,0.0018746157995364284,0
0,0.001276375683896768,0
0,0.012825070392229795,0
0,0.0030548132742960112,0
0,0.0004103413729120023,0
0,0.002118524351280789,0
0,0.00047151162786119726,0
0,0.011734970346921877,0
0,0.0015079283926383016,0
0,0.0010410232055355893,0
0,0.0009430181345970537,0
1,0.977722195516175,1
0,0.019574978627633174,0
1,0.9496049667139452,1
0,0.003208270480983136,0
0,0.001024136883181507,0
0,0.002796239616747788,0
0,0.005208197019674069,0
1,0.46576101404165815,0
0,0.0022084250719643338,0
0,0.007226521373343964,0
0,0.011482237315306038,0
0,0.000917107618550322,0
0,0.002525847570915331,0
0,0.007633965094525788,0
0,0.0009426162938618796,0
0,0.031795902584602215,0
0,0.0010398092824114012,0
0,0.0020751651135061363,0
0,0.007580404285900098,0
0,0.0006271065909956739,0
0,0.0034796003961480334,0
0,0.003552630439509006,0
0,0.0012323507095585626,0
0,0.0018746157995364284,0
0,0.006830290582840019,0
0,0.005964934107402987,0
0,0.00048212007270118275,0
0,0.0011694440994698403,0
0,0.015206350994804808,0
0,0.008743334196328015,0
0,0.00404493202999043,0
0,0.003816341041004216,0
0,0.00207840292517006,0
0,0.019320659623458587,0
0,0.0023973622504965884,0
0,0.0018746157995364284,0
0,0.0031748902016076833,0
0,0.0007052967572658583,0
0,0.0034058300985678027,0
1,0.05740461308942781,0
0,0.001656274454170151,0
0,0.010464371393753454,0
0,0.0003464294692929333,0
0,0.005135403078536757,0
0,0.1215672023875222,0
0,0.003901906806110881,0
0,0.0007193464686004448,0
0,0.0012808631760330821,0
1,0.05786128796057351,0
0,0.0018746157995364284,0
0,0.002115622779840784,0
0,0.0004859398963755647,0
0,0.0018746157995364284,0
0,0.0006761402377278162,0
0,0.003368992754208715,0
1,0.6991779681779241,1
0,0.0005532074671174747,0
0,0.007369908687759098,0
0,0.00990391435892618,0
0,0.004105917977768235,0
0,0.0017407798933373074,0
0,0.00442930615173616,0
0,0.0005948729787254483,0
0,0.013616910054522305,0
0,0.0011400924156709136,0
0,0.0018655393897532,0
0,0.00037648316478697356,0
0,0.004182941720413259,0
0,0.017904509905474205,0
0,0.005165603393984022,0
0,0.001256203559826394,0
0,0.0008533953561989615,0
0,0.0018746157995364284,0
0,0.0015057030396237723,0
0,0.0011904436966673434,0
0,0.10697407368308356,0
0,0.001545062434682663,0
0,0.00674453134207991,0
1,0.9804694088163277,1
0,0.004702154970238062,0
0,0.0014782003943105174,0
0,0.0031537381711423994,0
0,0.0032997387236941796,0
0,0.0027629804604595437,0
0,0.017335768749608356,0
0,0.005672560570468334,0
0,0.0028255863288120103,0
0,0.05071476290086778,0
0,0.0020253532180973164,0
0,0.000691731667319722,0
0,0.0020682549174283827,0
0,0.01041998494576303,0
0,0.01952005826498974,0
0,0.007476594202512742,0
0,0.09125444683005016,0
0,0.0016054396285147677,0
0,0.0012181893455943291,0
0,0.05783176657791385,0
0,0.004161072832874155,0
0,0.0008407972616085826,0
0,0.00187612332148978,0
0,0.011264812078181183,0
0,0.13624154950503098,0
0,0.001244681509960658,0
0,0.0021561478388290806,0
0,0.0018574189969543114,0
0,0.0022873000541722955,0
0,0.001342155635380943,0
0,0.0018746157995364284,0
0,0.00774473238937598,0
0,0.004811898718385757,0
0,0.0010622294949858596,0
0,0.013171836111668361,0
0,0.0025386156935900124,0
0,0.005899494029874303,0
0,0.0052776916480120626,0
0,0.01758193825650874,0
0,0.0018746157995364284,0
0,0.002287168732828461,0
0,0.0014311880106551995,0
0,0.001233944221827027,0
0,0.009042475961741412,0
0,0.003027457091650785,0
0,0.0011654071993863228,0
0,0.0008452834543451715,0
0,0.00573417392208828,0
0,0.0032765670521887683,0
0,0.0004928724827109376,0
1,0.6824545738745975,1
0,0.0038261696449116388,0
0,0.0022588336844234953,0
0,0.0013335064583133746,0
0,0.0497945342731083,0
0,0.001893179600449867,0
0,0.0028160919391241102,0
0,0.005691968601913917,0
0,0.0018746157995364284,0
0,0.0008744996333824643,0
0,0.0021862517149628348,0
1,0.9752448543574792,1
0,0.0031864310703770184,0
0,0.0023180984871196235,0
0,0.012744405708590138,0
0,0.019285297184166206,0
0,0.007182617429292617,0
0,0.017937570324412563,0
0,0.0019533885649827753,0
1,0.7640940777351866,1
1,0.16469805046435362,0
0,0.0022550551426876917,0
0,0.0019424249477904046,0
0,0.001778261615478848,0
0,0.001188658863230544,0
0,0.053738072632399936,0
0,0.054459015039284686,0
0,0.0007784640101017487,0
0,0.013891184167210547,0
0,0.004165185355423169,0
0,0.001465079283854644,0
0,0.021925794872925862,0
0,0.005898112858962199,0
0,0.11387432433092379,0
0,0.010544236877068711,0
0,0.0008088954300785164,0
1,0.759267713367087,1
1,0.9672397027339366,1
0,0.004665809387492873,0
0,0.0039018185512737762,0
0,0.0062686317202366,0
0,0.007141675824273708,0
0,0.029334866796475366,0
0,0.0017080437935084042,0
0,0.011417791144207292,0
0,0.0021774959956555374,0
0,0.0003013984348929334,0
0,0.0011645545707896863,0
0,0.008738339547413806,0
0,0.001922505497909805,0
0,0.0020348930751350205,0
0,0.0023209997190416715,0
0,0.007886160913805935,0
1,0.1073956898244398,0
0,0.025968991271880907,0
0,0.0037208014203447617,0
0,0.017693714230184315,0
0,0.0054328329300192945,0
0,0.03358320694981254,0
0,0.002154125930974516,0
0,0.009316154261777152,0
0,0.014660453262002712,0
0,0.001225898359409862,0
0,0.0014982388406211233,0
0,0.002187262800653401,0
0,0.002255137295641324,0
0,0.001218201003209311,0
0,0.0019337336097677233,0
0,0.0006433640617139178,0
0,0.003510402230078821,0
0,0.10303728271620946,0
0,0.0018654120945721694,0
0,0.0024614253407084763,0
0,0.0009710125277373881,0
0,0.004525081088007714,0
0,0.001423383968539417,0
0,0.04215648851441443,0
0,0.0019357627512990676,0
0,0.018811745842773963,0
0,0.004448060173150652,0
0,0.009554501256669247,0
0,0.002049019984004859,0
0,0.0031709645648999914,0
0,0.0007603347872410753,0
0,0.0007052407713453286,0
0,0.003707551019366701,0
0,0.003657986904229858,0
0,0.057690489749070796,0
0,0.002614059916171305,0
0,0.0023691487973824497,0
0,0.002981128717236733,0
1,0.977722195516175,1
0,0.005695172061770094,0
1,0.9866280600992614,1
0,0.006856398300063434,0
0,0.002714104821125658,0
0,0.006784026683462397,0
0,0.01775172597400887,0
0,0.0021809286753581335,0
0,0.0037511020115504235,0
0,0.0003954741330532486,0
0,0.03692155868295748,0
0,0.005917222252897804,0
0,0.0025233012841847395,0
0,0.0018367046345204216,0
0,0.0032575010231128522,0
0,0.0010042336900602548,0
0,0.019427890407841687,0
0,0.00537913970010377,0
0,0.001095089887565539,0
0,0.0007497482363411918,0
0,0.002469273338487928,0
0,0.005550139633059373,0
0,0.003740711558140631,0
0,0.0014282445248866653,0
1,0.03590931421384795,0
0,0.0010107381352590758,0
0,0.004192997592546307,0
0,0.0012344523528919802,0
0,0.0004657944893017358,0
0,0.0019773846880269106,0
0,0.0037431915982785524,0
0,0.014225385116392018,0
0,0.006095615432233125,0
0,0.002354176810679217,0
0,0.003977535688681544,0
0,0.00223825231744662,0
0,0.07221891864741349,0
0,0.0018746157995364284,0
1,0.9651383944093328,1
0,0.001124312253031118,0
0,0.07144426392722547,0
0,0.0042318639937944805,0
0,0.0016630566760181286,0
0,0.006494141092763307,0
0,0.006046731806163889,0
0,0.0012095057408797827,0
0,0.0002577019097093443,0
0,0.008097082205368093,0
0,0.0061848553343981875,0
0,0.005994131288474813,0
0,0.0007592015382294549,0
0,0.03156672032334236,0
0,0.0061228626850092635,0
0,0.005567107539172719,0
0,0.003865436334111,0
0,0.0019209484180303137,0
1,0.968667903563619,1
0,0.0020298963650871287,0
0,0.004849005390707704,0
0,0.001820026181758942,0
0,0.0009910885192570135,0
1,0.7325092200216833,1
0,0.00401352479839061,0
0,0.4014176293444769,0
0,0.0014517504631375287,0
0,0.0036346511945191365,0
0,0.0034622026460367898,0
0,0.0036786477926539635,0
0,0.008356834818087964,0
0,0.026620542095869223,0
0,0.0026453143204187967,0
0,0.0018452277614919486,0
0,0.001808569371566408,0
1,0.7495694486110264,1
0,0.003602877108957353,0
0,0.0066829948009282,0
0,0.001036612054038334,0
0,0.0020978015175635483,0
0,0.005383459426377786,0
0,0.0024614256321019616,0
1,0.012791902402520402,0
0,0.0011567489625285373,0
0,0.006784337600426675,0
0,0.01034328094222139,0
0,0.00410363559991999,0
0,0.0021427515658611496,0
0,0.004318597122465005,0
0,0.002697909715102962,0
0,0.00949023549804721,0
0,0.006571681962229929,0
0,0.003336199438732675,0
0,0.0009242798435580465,0
0,0.08038947824465424,0
0,0.0027881593302880293,0
0,0.0010957635610147525,0
0,0.0022340544656475605,0
0,0.02629769708148044,0
0,0.003502810751048229,0
0,0.0821865742263017,0
0,0.005691982365114638,0
0,0.0004992518241690552,0
0,0.004697627029523534,0
0,0.002714540095340553,0
0,0.04352719813955808,0
0,0.013011343453362608,0
0,0.0013088270652240512,0
0,0.0016056657462495392,0
0,0.001357679704454399,0
0,0.0008750738226354494,0
0,0.0010363513068041284,0
0,0.0013267922340101824,0
0,0.002087455530765499,0
0,0.011526446125924347,0
0,0.06327072421569097,0
0,0.000709640666445191,0
0,0.004036141657053262,0
0,0.0030387068007665923,0
0,0.002145213461533474,0
0,0.0021996359904755815,0
0,0.022405191452816497,0
1,0.977722195516175,1
0,0.008706947219513355,0
0,0.001198913402644453,0
0,0.003159510460076263,0
0,0.007672934182833165,0
0,0.043782789879542136,0
1,0.9616606468023449,1
0,0.00215735251501084,0
0,0.0018459330230512102,0
1,0.3727940842678852,0
0,0.029913819935397736,0
0,0.0011846132596257859,0
0,0.004701930958541546,0
0,0.0017595603847671345,0
0,0.0694863040044545,0
0,0.003894748200548951,0
0,0.02148206429441974,0
0,0.014766449748848422,0
0,0.009210946930237652,0
0,0.00566750829959093,0
1,0.9907775615639406,1
0,0.0031592459209825088,0
0,0.005183806167102188,0
0,0.005003940679700547,0
0,0.002801819011327371,0
0,0.004678106680146642,0
0,0.029334866796475366,0
0,0.001016369079070367,0
0,0.003795039373106062,0
0,0.02122445542738212,0
0,0.009021503048809797,0
0,0.001377960390196757,0
0,0.010226316220390113,0
0,0.00207501992859826,0
1,0.46517250649312614,0
0,0.0020574052730686593,0
0,0.0030485759804713356,0
0,0.008279717633834626,0
0,0.00045401779175461914,0
0,0.006468066874701282,0
0,0.0014319427503179123,0
0,0.0006333865504853658,0
0,0.002035041695238669,0
0,0.0007386562023219483,0
0,0.0034986090118482383,0
0,0.007379202413928435,0
0,0.004094776734922118,0
0,0.0018434017746483482,0
0,0.0029687856512615337,0
0,0.08787714422831844,0
0,0.0013492308776618359,0
1,0.972381056210852,1
0,0.0007182955190836006,0
0,0.0018746157995364284,0
1,0.9583689334522403,1
0,0.0003385460945522992,0
0,0.002546780154805672,0
1,0.2432931518684247,0
0,0.020482137267012215,0
0,0.0008770852683620972,0
0,0.0013834007701413373,0
0,0.0007434410541247167,0
0,0.010294939043297126,0
0,0.0008216017991207512,0
0,0.0018727950731945255,0
0,0.0018746157995364284,0
0,0.0036080902219918975,0
0,0.0014400312356601507,0
0,0.00197624629212127,0
0,0.004534651845806904,0
0,0.001796964692568027,0
0,0.033462390826065565,0
0,0.0023890726587635406,0
0,0.0012634535345127755,0
0,0.0023634322624792544,0
0,0.0018746157995364284,0
0,0.006018903809781186,0
0,0.010659739211108356,0
0,0.001032203994188131,0
0,0.0011936211216893979,0
0,0.003994402585950463,0
0,0.0037529659332498134,0
0,0.006842929499987615,0
1,0.1412905825598037,0
0,0.040518599665729904,0
0,0.004981156751676704,0
0,0.008015483822361783,0
0,0.003054340637287753,0
0,0.004825091334979641,0
0,0.0005659965123712374,0
0,0.006287219436705224,0
0,0.016715410572210394,0
0,0.0020547554335022715,0
0,0.0018746157995364284,0
0,0.002373865978184807,0
0,0.001986388058457101,0
0,0.0011221319241603855,0
0,0.022645538882126566,0
0,0.0013436868790654836,0
0,0.007071215914900947,0
0,0.0033102070120601314,0
0,0.0027623872190501537,0
0,0.0007256513916349967,0
0,0.009540172982535186,0
0,0.0053103784732817984,0
0,0.0016057369193940559,0
0,0.0030658029001644454,0
0,0.003725399121879991,0
0,0.0011872579975660026,0
0,0.00485352038532098,0
0,0.004190674839218781,0
0,0.0034553605546022714,0
1,0.448106793929971,0
0,0.0006800934045271159,0
0,0.0006924385178757562,0
0,0.0007380724992761382,0
0,0.006996987226618024,0
0,0.005706566998107272,0
0,0.0020753737830634983,0
0,0.0012275386359972742,0
0,0.006183434016801681,0
0,0.029913940454504975,0
1,0.4837707914184963,0
0,0.0022401054563480154,0
0,0.000995483912388225,0
0,0.0019424041635981329,0
0,0.0012155313830029975,0
0,0.024515450304638985,0
0,0.008140097500989062,0
0,0.006947746802732694,0
0,0.007756701528319284,0
0,0.002151589367780431,0
0,0.0018746157995364284,0
0,0.018148534488073874,0
0,0.0035645315423238925,0
0,0.0005037926866683214,0
0,0.0009550375485642974,0
0,0.002552581742579784,0
0,0.010933188271152779,0
0,0.0098691111313352,0
0,0.0028445647222183883,0
0,0.002551582213901353,0
0,0.11802865566808798,0
0,0.0012581128637011597,0
0,0.010510183710166224,0
0,0.05472395303232369,0
0,0.003807132786949923,0
0,0.0008919000436670406,0
0,0.02161320315372379,0
0,0.004403409072211285,0
0,0.007660292557213925,0
0,0.003358033370012118,0
0,0.0006015462447594671,0
0,0.014639532240901542,0
0,0.012780932799119267,0
0,0.0007509817954069662,0
0,0.0006257154712345216,0
1,0.25002718523446765,0
0,0.001618378971818305,0
0,0.004015359240863419,0
0,0.005246884746496925,0
0,0.0013397355937165613,0
0,0.0021971215467511476,0
0,0.0052328403316486555,0
0,0.0005067258617822025,0
0,0.0016429820506123553,0
0,0.0076440003177027736,0
0,0.00458819230622275,0
0,0.0008129757244524115,0
0,0.003961955619151289,0
0,0.0010821048846384033,0
0,0.0016463597963922287,0
0,0.0007566818477736013,0
0,0.011345084955137124,0
0,0.0026808153535278767,0
0,0.0028038359804847725,0
0,0.0008204008864792948,0
0,0.005995710549286602,0
0,0.06604867956862692,0
0,0.0020418618577782727,0
0,0.016356467213185125,0
0,0.030241965155833897,0
1,0.6529374765677195,1
0,0.002389294266548904,0
0,0.049226029254008805,0
0,0.0006885201367944679,0
1,0.3256624395917932,0
0,0.0005495973442089949,0
0,0.003451006754169901,0
0,0.0037269046617961063,0
0,0.0021956337640483023,0
0,0.0015038108353877715,0
0,0.0007591822320424325,0
0,0.03708614367714363,0
0,0.001630084705181925,0
0,0.0005686869134791041,0
0,0.0003774819704109501,0
0,0.0011666256836518796,0
0,0.001876488582252376,0
0,0.009456735426892484,0
0,0.02218017238230926,0
0,0.0020753737830634983,0
0,0.03268264188080363,0
0,0.06263317993734907,0
0,0.0015637262343647334,0
0,0.006171890216517966,0
0,0.001788762788064981,0
1,0.11595880014686846,0
0,0.033385952932796566,0
0,0.005044410743091223,0
0,0.0011029543555272866,0
0,0.00038554972712966204,0
0,0.024694904773256997,0
0,0.00940948380523146,0
0,0.0022216730019146984,0
0,0.0033780159506041573,0
0,0.001160787789266234,0
0,0.009228368277913073,0
0,0.0013681303233870673,0
0,0.0018963138055312061,0
0,0.0037872028405524488,0
0,0.05589070511787503,0
0,0.0014581702152481823,0
0,0.0015475770427174052,0
0,0.0017004591374822626,0
0,0.00025778600365934645,0
0,0.005299119474614652,0
0,0.11246412022858629,0
0,0.0047971949093447135,0
0,0.0008045450855696243,0
0,0.000444638971156686,0
0,0.0016806280704046437,0
0,0.09619384465434117,0
0,0.0030673453175053466,0
0,0.009928831804371565,0
0,0.0018746157995364284,0
0,0.002005728297102543,0
0,0.009272638988294106,0
0,0.0018746157995364284,0
0,0.02664530971846449,0
0,0.0018746157995364284,0
0,0.0009150527032379019,0
0,0.000747336631722864,0
0,0.010216660153950896,0
0,0.0004987305554732639,0
0,0.005171024468627456,0
0,0.000588086505915255,0
0,0.002312193489066975,0
0,0.00126871513727184,0
0,0.00043755933500539107,0
0,0.0050824171801861235,0
0,0.0027508082094521453,0
0,0.010078698480926834,0
0,0.0026133925958798983,0
0,0.0006446519876332732,0
0,0.005112832558625613,0
0,0.001495399108088841,0
0,0.004887529105305518,0
0,0.01623022860711342,0
0,0.0183159936136936,0
0,0.0013830341142256185,0
0,0.036698610176656855,0
0,0.0016137068390052987,0
0,0.002917501307004033,0
0,0.010574982822158897,0
0,0.0021976292644086525,0
0,0.004308553410852614,0
0,0.002690110366388718,0
0,0.005821502745339305,0
0,0.0018746157995364284,0
0,0.00555113703732165,0
0,0.001400816805750709,0
0,0.0007351134701535481,0
0,0.0043317562366540436,0
0,0.017884551291168966,0
0,0.0022673026920740245,0
0,0.0009152457250977248,0
0,0.0019424249477904046,0
0,0.11594133777960582,0
0,0.006915937550172843,0
0,0.0011554696670699996,0
0,0.0006339929100152829,0
0,0.00195302597481435,0
0,0.02532670259041764,0
1,0.5096584697224764,1
0,0.004589601070126557,0
0,0.0008421499417185822,0
0,0.0034066708599138733,0
0,0.0025861252336137064,0
0,0.055071320445984624,0
0,0.0003800090441041169,0
0,0.010755760250487734,0
0,0.00792077537429068,0
0,0.0011809894115678312,0
0,0.005552326857733084,0
0,0.024748119041746095,0
0,0.0008493982225783103,0
0,0.0029188527633906202,0
0,0.0006951724777097558,0
0,0.003184845570138292,0
0,0.0020133943514358235,0
0,0.0032337996372086043,0
0,0.0036549309064111985,0
0,0.006095179827127339,0
0,0.014358766866338009,0
0,0.0044596539531684375,0
0,0.0006275223097812694,0
0,0.013675405431200462,0
0,0.0043153438747923455,0
0,0.004797358738981345,0
0,0.0007693641004862402,0
0,0.004973373428945644,0
0,0.0007866016192857751,0
0,0.012898043524195137,0
1,0.8646781028212525,1
0,0.004737397046078021,0
0,0.0025889200112439756,0
0,0.0018746157995364284,0
0,0.0009332048378865227,0
0,0.0018746157995364284,0
0,0.002515101520434453,0
0,0.0018939916970132267,0
0,0.0012972891587838588,0
0,0.004196220526803479,0
0,0.0037668461968917133,0
0,0.003412917211679683,0
0,0.011956714470184968,0
0,0.0018746157995364284,0
0,0.016265863100973846,0
0,0.002132821844706907,0
0,0.004405153566499098,0
0,0.007464789360183325,0
0,0.01962425090697136,0
0,0.06500163989131011,0
0,0.019580746736967667,0
0,0.0032683355951066834,0
0,0.003966527613547539,0
0,0.003704002711293366,0
0,0.011691317887023482,0
0,0.0014580977515440633,0
0,0.11364786204843952,0
0,0.024961407454223115,0
0,0.014241836036248144,0
0,0.00040151959945356445,0
0,0.0017519542082184993,0
0,0.2069293008043274,0
0,0.0018168788705144965,0
0,0.014243493662305273,0
0,0.004768217395290027,0
0,0.0029731059085181507,0
0,0.002151742426962236,0
0,0.014390170753686935,0
1,0.007894711717323366,0
0,0.002564111317040091,0
0,0.005358799097143169,0
0,0.0005126928594310598,0
0,0.001208053016762121,0
0,0.000494636031060278,0
0,0.0018746157995364284,0
0,0.0020748014220629803,0
0,0.09020870760673155,0
0,0.006201154162288294,0
1,0.977722195516175,1
0,0.00794566675663163,0
0,0.0033636532132015505,0
0,0.0006307073387781749,0
0,0.0006785103480262809,0
0,0.0015984158812955233,0
0,0.0018251588198486054,0
0,0.0018746157995364284,0
0,0.008824471589464164,0
0,0.037277947755451,0
0,0.0012132591431791534,0
0,0.005842759615119162,0
0,0.005957134101420592,0
0,0.0006283013381467291,0
0,0.0018746157995364284,0
0,0.002115622779840784,0
0,0.0018746157995364284,0
0,0.0010326887007747457,0
1,0.9892207277528073,1
0,0.01348694779414793,0
