True_Label,Predicted_Label,Predicted_Probability
0,0,0.003447795235995834
0,0,0.0035448265046802174
0,0,0.0045411294544321825
0,0,0.002897795837999044
0,0,0.0010015343360088012
0,0,0.1826270106700746
0,0,0.0004185370253745374
0,0,0.0018930291359735413
0,0,0.0017163060486820585
0,0,0.004133086400597095
0,0,0.004245949840830406
0,0,0.0031274679157754664
0,0,0.004416429007844683
0,0,0.0039055942125724484
0,0,0.001854415128494151
0,0,0.003760111906275607
0,0,0.005728775411127708
0,0,0.0006277715260034811
0,0,0.0012458448444818996
0,0,0.001823086040426357
0,0,0.14814170475978874
0,0,0.010517919792349754
0,0,0.004133086400597095
0,0,0.001620469698980105
0,0,0.010383260109010849
0,0,0.002255126805313262
0,0,0.003954434053854521
0,0,0.0049336943623161066
0,0,0.0354533203288675
0,0,0.0007958347539442366
0,0,0.003528900753853747
0,0,0.003329130038202199
0,0,0.0007364593967804863
0,0,0.014443852875291822
1,1,0.9999997643107089
0,0,0.0006298435616234863
0,0,0.0024037950545381234
0,0,0.16339509680129038
0,0,0.002680393087865124
0,0,0.004018259057269205
0,0,0.0011400763978354589
0,0,0.0008990220927891306
0,0,0.0028924626848949105
0,0,0.008274717014552188
0,0,0.00232535249775509
0,0,0.0007719864944754399
0,0,0.0013798369939126511
0,0,0.0030563936099451267
0,0,0.002458644814894908
0,0,0.0010761635190937645
0,0,0.004281576258173707
0,0,0.010981687532272327
0,0,0.009049444626703552
0,0,0.002285736463146078
0,0,0.022343810282570216
1,1,0.9999999999949202
0,0,0.0006806007121263024
0,0,0.006642762777342507
0,0,0.0021340525077067646
0,0,0.0038697680179381007
0,0,0.0010197498765589347
0,0,0.00031704250577633197
0,0,0.002227322227263198
0,0,0.0013754304748581074
0,0,0.0033962447595658964
0,0,0.0006498831940062201
0,0,0.0011202617733162216
0,0,0.001303776370937239
0,0,0.013999454675543331
0,0,0.005796179477375689
0,0,0.02162250331127792
0,0,0.0003218534692348374
0,0,0.004177782131548093
0,0,0.0016798299826596755
0,0,0.0010763747543937544
0,0,0.004122385159081525
0,0,0.0034278343531541342
0,0,0.0033042430015459536
0,0,0.0077387269001254816
0,0,0.0002613608224008251
0,0,0.003949448489654963
0,0,0.020706410007624697
0,0,0.0016036509093128649
0,0,0.0026441366083618354
0,0,0.002425017685971072
0,0,0.04020285618255508
1,1,0.9999999999999699
0,0,0.004857632763407058
0,0,0.004210219521970963
0,0,0.017752942550271194
0,0,0.0010028794707271815
0,0,0.004133086400597095
0,0,0.0006666338128268877
0,0,0.0017499583360910719
0,0,0.006859704396181071
1,1,0.9999999999999699
0,0,0.007758044401620316
0,0,0.0038622329160619123
0,0,0.005741161139468824
0,0,0.018672354200144233
0,0,0.0024528227833812075
0,0,0.0003418166774092648
0,0,0.007699292046445838
0,0,0.009772330012440461
0,0,0.0051373959823962844
0,0,0.0004775843994249856
0,0,0.0011837117778329257
0,0,0.030708082409835056
0,0,0.01123135117552692
0,0,0.003524388839008396
0,0,0.0041794351361349605
0,0,0.010476111203045022
0,0,0.003036614128368884
0,0,0.004958042610902664
0,0,0.003937465569939597
0,0,0.004133086400597095
0,0,0.006052821234702542
0,0,0.005588260210911348
0,0,0.004666001402717416
0,0,0.003252381828137039
0,0,0.004735899782501243
0,0,0.005727950223116699
0,0,0.004586126600775526
0,0,0.00035947481248824566
0,0,0.03468511120331972
0,0,0.00202452729342961
0,0,0.00730214982484831
0,0,0.0012836712305415942
0,0,0.0006327535231302773
0,0,0.0030263169446113933
0,0,0.0007010192061754083
0,0,0.0071687861212072455
0,0,0.006058161264883706
0,0,0.0006830611887418933
0,0,0.0028309923650974597
0,0,0.004361045764825596
0,0,0.0037946037354684835
0,0,0.003363876377497648
0,0,0.00026641215144946305
0,0,0.0011123687634062034
0,0,0.0005842570598810563
0,0,0.1560278540101342
0,0,0.0014074817231183063
0,0,0.0011977085344006967
0,0,0.0007096815246950515
0,0,0.004502425709297866
0,0,0.0009275504616128294
0,0,0.007021395095301355
0,0,0.0019041277022615885
0,0,0.006090095968580466
0,0,0.005579026240543443
0,0,0.0003787427866886812
0,0,0.008655808160996868
0,0,0.03011462634302458
0,0,0.004147075983102052
0,0,0.000302267251195147
0,0,0.0006602451930383118
0,0,0.000987835969029463
0,0,0.0061743903429507035
0,0,0.004090250448095707
0,0,0.05369243093460603
1,1,0.9999999999999699
0,0,0.0005132417337131885
0,0,0.023654705450109118
0,0,0.0019878182171005235
0,0,9.955176188969216e-05
0,0,0.004395333918518242
0,0,0.0012538512307974164
0,0,0.0034547038473248886
0,0,0.003845711666092905
0,0,0.0015441555815671939
0,0,0.002363198713848593
0,0,0.002155675093659315
0,0,0.004338928060507504
0,0,0.0005580088803560808
0,0,0.001481615807494679
0,0,0.006069685438666263
0,0,0.001419091554316658
0,0,0.0036237478011962934
0,0,0.0029074457937716815
0,0,0.0003974799487373222
0,0,0.0030910726821482136
0,0,0.004602648486278669
0,0,0.001419091554316658
1,1,0.9999999999999699
0,0,0.0005867814562702491
0,0,0.0016903288212432005
0,0,0.0014389859995302377
0,0,0.0015868498873856831
0,0,0.005386144192754242
0,0,0.0060609287065256515
0,0,0.017205234542073
0,0,0.00437900370365973
0,0,0.0008787577724481356
0,0,0.001419091554316658
0,0,0.004550192027660047
0,0,0.005039630944753388
0,0,0.0013888756069290985
0,0,0.0005204354716972534
0,0,0.009927877452461062
0,0,0.002788682824496604
0,0,0.0019241222450125286
0,0,0.003898386295540544
0,0,0.0009975119094975207
0,0,0.002193764483789324
0,0,0.0037794191669664233
0,0,0.004200803310664475
0,0,0.0024601406152762475
0,0,0.0031530455424113755
0,0,0.008025735676182123
0,0,0.9852130277503975
0,0,0.008455706593998752
0,0,0.00027338079721394274
0,0,0.0012104911847507032
0,0,0.07507473448787384
0,0,0.006041652028734674
0,0,0.003649824216928153
0,0,0.001437516645969458
0,0,0.006873159519041389
0,0,0.005365130013517752
0,0,0.0038053598503949124
0,0,0.0049629585065466926
0,0,0.018349511772146134
0,0,0.005794854173766714
0,0,0.0014997949637583247
0,0,0.0037182445561768267
0,0,0.0004103194163900948
0,0,0.007275244583183461
0,0,0.004745020704290084
0,0,8.172285777493824e-05
0,0,0.0003358427339832935
0,0,0.0066430973914779
0,0,0.004164464966537976
0,0,0.005347423955313527
0,0,0.00017401762648527015
0,0,0.001435292400153332
0,0,0.012963094421882301
0,0,0.004057873021834583
0,0,0.31256740990501547
0,0,0.0009362582724407148
0,0,0.0024218874032956457
0,0,0.0015017177364109208
0,0,0.027658111452150358
0,0,0.01811880549543393
0,0,0.008923463237667198
0,0,0.001800108027231141
0,0,0.0014836471434081513
0,0,0.014186054118029248
0,0,0.0031274679157754664
0,0,0.0014239984388733189
0,0,0.0016304160765595625
0,0,0.0036510996419358674
0,0,0.000457152704076339
0,0,0.00481542342083365
1,1,0.9999999999999699
0,0,0.005507398692633945
0,0,0.0020607825950673887
0,0,0.006453193930135533
0,0,0.0032580328157115488
0,0,0.01631915157327342
0,0,0.002887300250703461
0,0,0.0004112764847039695
0,0,0.0036120216100252052
0,0,0.005109071382656753
1,0,0.0730062688386338
0,0,0.02987688719748602
0,0,0.0022546605148955666
0,0,0.0065690796509384084
0,0,0.006102681260992549
0,0,0.9220144388758938
0,0,0.010299606191116549
0,0,0.040692606393703555
0,0,0.00036084966322992367
0,0,0.0005456797629070097
0,0,0.004928176874670925
0,1,0.9999999995315544
0,0,0.0011872173165949512
0,0,0.004133086400597095
1,1,0.9999999999999699
0,0,0.006090901018930757
1,0,0.613156843966183
0,0,0.004125156704901237
0,0,0.0152140387948564
0,0,0.0066807401701911885
0,0,0.0050667578327275725
0,0,0.004423052451095873
0,0,0.003502872790155961
0,0,0.0009512122126054384
0,0,0.0009198174393064178
0,0,0.010759576061088702
0,0,0.001033294648211101
0,0,0.0018900433680713868
0,0,0.006993545823577592
0,0,0.021778795594389132
1,1,0.9999999999999699
0,0,0.0029076870809515744
0,0,0.0063592493703186585
0,0,0.005451520172278858
0,0,0.001148493151553187
0,0,0.0059645372762441905
0,0,0.0006574662704470323
0,0,0.0004483456050218999
0,0,0.0022237056856879277
0,0,0.002732392529783565
0,0,0.0062034488584355955
0,0,5.539155131579377e-05
0,0,0.003669062980362374
0,0,0.003760938522996419
0,0,0.002507887005763637
0,0,0.005088448853038585
0,0,0.0037664787918217663
0,0,0.08250413269924287
0,0,0.0024535323977995407
0,0,0.0005798858601779299
0,0,0.00043732381567133683
0,0,0.0003121913131810288
0,0,0.005303643380057381
0,0,0.003568064430225698
0,0,0.013295682056127184
0,0,0.00256817085880273
0,0,0.01502541052056805
0,0,0.001155394664110596
0,0,0.0009867127358310543
0,0,0.03097686575320688
0,0,0.0008478982448244419
0,0,0.0014607131440015641
0,0,0.0031372030853757437
0,0,0.008143057868402703
0,0,0.001858928377035918
0,0,0.001045787620306351
0,0,0.004834267090779602
0,0,0.009707192514429759
0,0,0.0007173835758020415
0,0,0.0036823025158333254
0,0,0.00024792328501825904
0,0,0.2938225620577828
0,0,0.000176200546562335
0,0,0.006060217019556226
0,0,0.0007148896799052558
0,0,0.008015894072975021
0,0,0.0015022649183542964
0,0,0.0006571986579927333
0,0,0.0014180036316797792
0,0,0.0012962033012268886
0,0,0.0026978785226833227
0,0,0.0012645248228138398
0,0,0.00043732381567133683
0,0,0.003987184069950844
0,0,0.0023750271134000806
0,0,0.005741161139468824
0,0,0.002424595191770678
0,0,0.21040803107540879
0,0,0.0014164965283517497
0,0,0.004689078611770691
0,0,0.001445783808552961
0,0,0.0034129166479057705
0,0,0.006295138389547134
0,0,0.007440826493733529
0,0,0.0008736409272645162
0,0,0.011744067516965554
0,0,0.00044982738462212714
0,0,0.003037452583866815
0,0,0.003541253726739772
0,0,0.00016624441668812052
0,0,0.0027315322301522415
0,0,0.008544819637340455
0,0,0.0012426065170675377
0,0,0.00584274564976239
0,0,0.003720659078330752
0,0,0.000668401581920066
0,0,0.0009875172201079373
0,0,0.0017434557085491884
0,0,0.017433373262397432
0,0,0.0022415395236645977
0,0,0.006218594827295655
0,0,0.00018370891865448794
0,0,0.004040837826374549
0,0,0.0025713775219029645
0,0,0.00035078156696900277
0,0,0.014184109591792475
0,0,0.00014746948094706048
0,0,0.002510457715707411
0,0,0.0033083556759002306
0,0,0.00015330820348877225
0,0,0.0002557637459614933
0,0,0.028628004640680334
0,0,0.004176356974672529
0,0,0.00440038260743339
0,0,0.0010498462724078982
0,0,0.00914381649908358
0,0,0.005589453069270746
0,0,0.00037733631075313734
0,0,0.0012211960391082016
0,0,0.0025624538758494417
0,0,0.015806867265964804
0,0,0.0017015965978408668
0,0,0.0007973213803884059
0,0,0.0017653055478069233
0,0,0.0017050890520649083
0,0,0.004527263367036716
0,0,0.005923795002094384
0,0,0.0046764674246445115
1,1,0.9999996630429964
0,0,0.004279151329366674
0,0,0.00649347394658555
0,0,0.0011341842810703771
0,0,0.0003806637961139722
0,0,0.0033291772540498237
0,0,0.007092736070536814
0,0,0.0083250069861306
0,0,0.005511710056377962
0,0,0.0024027790127379694
0,0,0.0026176883363529173
0,0,0.0011046810424147108
0,0,0.0022966910893454217
0,0,0.05768292264226544
0,0,0.02841166048693291
0,0,0.005342918454991319
0,0,0.0004711397119615761
0,0,0.06002048752407195
0,0,0.004653276840758289
0,0,0.002474545470263633
0,0,0.004586337098831179
0,0,0.06052633393357678
0,0,0.012758190607542937
0,0,0.004889493551829248
0,0,0.012824390395318457
0,0,0.0018397920574941462
1,1,0.9999999999999699
0,0,0.0035779131106461514
0,0,0.005779611161611636
0,0,0.0033681796738558962
0,0,0.0052790509256533955
0,0,0.001508445093984848
0,0,0.0002842748712409323
0,0,0.006111591919855666
0,0,0.00023808024588907787
0,0,0.0036021072450873634
0,0,0.12190805294340334
0,0,0.0004073853797424711
0,0,0.00036519755861421846
0,0,0.002932899931386884
0,0,0.00041060420434642527
0,0,0.0005347327748246925
0,0,0.0026431385574950013
0,0,0.007081259994291946
0,0,0.0015255643440976415
0,0,0.005353087931576054
0,0,0.010426867288342169
0,0,0.009676502736241441
0,0,0.000572558184932415
0,0,0.0040746584754157095
0,0,0.009924158542485935
0,0,0.00252453327767501
0,0,0.0016962682710454293
0,0,0.0013670301824183252
0,0,0.030402087761866925
0,0,0.004055598355958012
0,0,0.004485044479117908
0,0,0.00032065617968837085
0,0,0.006909276500257119
0,0,0.005245512719232826
0,0,0.004761843303870679
0,0,0.2862148283389683
0,0,0.0030432523335403062
0,0,0.006090901018930757
0,0,0.00531530312528164
0,0,0.00721347934742686
0,0,0.0036915536462923705
0,0,0.006090901018930757
0,0,0.007553452627210091
1,0,0.1482562468416134
0,0,0.002516233726557908
0,0,0.0015772323268806719
0,0,0.0023428696969714784
0,0,0.1826665178741608
0,1,0.9999999912921569
0,0,0.006275811811584141
0,0,0.018047502731549005
0,0,0.0015956031521164214
0,0,0.005609824165803073
0,0,0.0010788353499245258
0,0,0.0019503385494601252
0,0,0.0006310392539009198
0,0,0.0004260566948219524
0,0,0.0019698463507328958
0,0,0.005643902864863962
0,0,0.002853235592882734
0,0,0.0007097719468891096
0,0,0.005992782557754305
0,0,0.01646417021039314
0,0,0.0027189838903089562
0,0,0.0013092662084357458
0,0,0.001419091554316658
0,0,0.005528933487457996
0,0,0.0060609287065256515
0,0,0.009013725320119436
0,0,0.020192821808870446
0,0,0.0001197905897714656
0,0,0.0013569590071057659
0,0,0.001161945698909979
0,0,0.0005634523184266924
0,0,0.04331625255552127
1,1,0.9999999999999699
0,0,0.0006500073642703483
0,0,0.0033086154564524236
0,0,0.0009158219508456575
0,0,0.006300227506668738
0,0,0.0029604016467574
0,0,0.003203345802834218
0,0,0.0013564070459196405
0,0,0.003596986929214409
0,0,0.0011247238484028697
0,0,0.004578890033565164
0,0,0.0031561913626228055
0,0,0.011203653319000008
0,0,0.0008861022726320972
0,0,0.0015787449556985307
0,0,0.007753377230533136
0,0,0.0014729852509585786
0,0,0.014311151662880106
0,0,0.0013564070459196405
0,0,0.030449039740944532
0,0,0.0023618728889141846
0,0,0.0005909821438958054
0,0,0.0013029050799877682
0,0,0.0020896152391610317
0,0,0.024509025770217026
0,0,0.0069741378213973
0,0,0.00192283322740548
0,0,0.012964842705503672
0,0,0.0013151250298657866
0,0,0.0018039328236601178
0,0,0.0043046537801440755
1,1,0.9999999999999699
0,0,0.07696270548317252
0,0,0.001954734341403891
0,0,0.0010163151958348467
0,0,0.004008755022709193
0,0,0.005123017935683792
0,0,0.006042258491250982
0,0,0.0006738475639119767
0,0,0.002754045565761286
0,0,0.007190767150688397
0,0,0.0038125235745490307
0,0,0.001419091554316658
0,0,0.0020896152391610317
0,0,0.001902928052200453
0,0,0.0035730392728578193
0,0,0.0005633423591540666
0,0,0.0020762113278832766
0,0,0.006511768573834805
0,0,0.0042408060128301525
0,0,0.03200944551969191
0,0,0.007154732958939352
0,0,0.0007402770783088744
0,0,0.0055106980908175545
0,0,0.0036731545892974772
0,0,0.0015298610588471307
0,0,0.0006064253472149029
0,0,0.04121462428329873
0,0,0.0035290350443206156
0,0,0.010209062537287905
0,0,0.019171373343044633
0,0,0.0017233731214798093
0,0,0.017620512523850423
0,0,0.003302669900872525
0,0,0.0005783466540682082
0,0,0.0032006119319056693
0,0,0.0022344234740970933
0,0,0.0023441082373897495
0,0,0.003874278480157188
0,0,0.004140160773633644
0,0,0.0032656494338708943
0,0,0.004102927487711257
0,0,0.0020717817047115686
1,1,0.9999999999999699
0,0,0.0027915446144062593
0,0,0.0008674810206716378
0,0,0.05220252296846557
0,0,0.01030963237088058
0,0,0.002223877467810442
0,0,0.0011822677516403605
0,0,0.2992659265942601
1,0,0.3863414424922121
0,0,0.004740714620898477
0,0,0.005748253614738182
0,0,0.022041038071040416
0,0,0.0012455211976988435
0,0,0.00793454133002674
0,0,0.0003050633159222183
0,0,0.003882279736096017
0,0,0.008958217113601254
0,0,0.006980400037015459
0,0,0.001858876022059737
0,0,0.0023840859072421553
0,0,0.005785016704508897
0,0,0.002242541486518059
0,0,0.0038126381096788486
0,0,0.001938836524195858
0,0,0.15016072578236098
0,0,0.014907611603688966
0,0,0.023784484093073904
0,0,0.0031111925836953998
0,0,0.006055966493264957
0,0,0.0071961438225541085
0,0,0.006071440682800786
0,0,0.005777697879884017
0,0,0.002750477386953045
0,0,0.0008589066641491414
0,0,0.0037512037489971883
0,0,0.006671132898271799
0,0,0.0012373045235976388
0,0,0.07120843103090857
0,0,0.0007148896799052558
0,0,0.0008973244937461704
0,0,0.0020781169039520713
0,0,0.006557040537192202
0,0,0.04057663274680739
0,0,0.01496751570716351
0,0,0.006104047201477561
0,0,0.0004703126667710342
0,0,0.002925242733441494
0,0,0.0009382593816447805
0,0,0.00015750764854207498
0,0,0.002353796947850577
0,0,0.0007138574791522399
0,0,0.0005967995135836298
0,0,0.0845708394016752
0,0,0.0015057551326960585
0,0,0.0008929779929687675
0,0,0.0012280495287742095
0,0,0.00024327251072294107
0,0,0.0060869397087864536
0,0,0.002426942624138663
0,0,0.003137013200754396
0,0,0.005363934147503107
0,0,0.004715118818324088
0,0,0.00046901355746309555
0,0,0.0020915869931865715
1,0,0.5259747890775119
0,0,0.0008722625801966344
1,0,0.26117775353644096
0,0,0.0054702325120043575
0,0,0.004808578662299568
0,0,0.0010121083796792107
0,0,0.006187630810675141
0,0,0.0014680997461284009
0,0,0.002310939651453704
0,0,0.0005830361156676641
0,0,0.003055705549067773
0,0,0.0021323884150134613
0,0,0.0019256007061519162
0,0,0.0011884844244213406
0,0,0.00648238675241013
0,0,0.001171034840839241
0,0,0.0006936511189605657
0,0,0.002794160931435156
0,0,0.001677321352652737
0,0,0.004047280786229681
1,1,0.9999999999999699
0,0,0.005803395210016728
0,0,0.003403492898466764
0,0,0.002143121595325989
0,0,0.0006837532269038046
0,0,0.0006124658348759716
0,0,0.013152321070313765
0,0,0.004133086400597095
0,0,0.0015681273652967467
0,0,0.0018736138375569217
0,0,0.010029288616716505
0,0,0.0005493915062621949
0,0,0.054445397712092024
0,0,0.004133086400597095
0,0,0.003951491964265308
0,0,0.0011455764552538855
0,0,0.0008460713537719089
0,0,0.004248095657395072
0,0,0.0025163597655036046
0,0,0.0018262919844111015
0,0,0.00013835312182853724
0,0,0.017826944543859
1,0,0.31464863538097404
0,0,0.005816386040033529
0,0,0.006876638480472933
0,0,0.003055705549067773
0,0,0.006084585008976281
0,0,0.0035859189194905666
0,0,0.0009563257217434329
0,0,0.005195106627398728
0,0,0.00010017777113260574
0,0,0.006067132939261594
0,0,0.003982873541401193
0,0,0.0029306955404605228
0,0,0.0019792586079326884
0,0,0.002332734926286518
1,1,0.9999999999999699
0,0,0.0022081049930684506
0,0,0.02483766968114868
0,0,0.0015271121425356699
0,0,0.006481900004135915
0,0,0.008369618561273464
0,0,0.0010415213450141255
0,0,0.01622912367949958
0,0,0.008118231128449421
0,0,0.004927926856130308
1,1,0.9999999999999699
0,0,0.01600094548658041
0,0,0.013937499001481746
0,0,0.0030586628554578428
0,0,0.0014932539426209025
0,0,0.00045083636270155415
0,0,0.007234985504759013
0,0,0.004133086400597095
0,0,0.006340890703832038
0,0,0.0024974487318986166
0,0,0.005157891617570196
0,0,0.001596970057251882
0,0,0.00038220000089190636
0,0,0.003348207113445852
0,0,0.00022245423838025742
0,0,0.004675536307235665
0,0,0.004133086400597095
0,0,0.0019851992397498697
0,0,0.014458855742815656
0,0,0.0002904710198897222
0,0,0.007787032345424999
0,0,0.0031163028394401737
0,0,0.010402275753682685
0,0,0.004133086400597095
0,0,0.04711020321086969
0,0,0.006252853964524824
0,0,0.0006222497694652518
0,0,0.003917816256779301
0,0,0.0033722075045699964
0,0,0.002806917853732515
0,0,0.0055121860266113334
0,0,0.0020545309915793787
0,0,0.00252453327767501
0,0,0.0010814519345014593
0,0,0.0029004124769274617
0,0,0.010669636144643701
0,0,0.00314175639099508
0,0,0.0015369304146178326
0,0,0.0026909282322229743
1,1,0.9999999837131057
0,0,0.006452517361055631
0,0,0.005354220445262264
0,0,0.006364975760886925
0,0,0.07487541906584762
0,0,0.006875744030304912
0,0,0.003191712726429149
0,0,0.00034192804493580174
1,0,0.6729322438956249
0,0,0.03888163067663638
0,0,0.09145516400789735
0,0,0.00604074775283722
0,0,0.0037850099831245937
0,0,0.008373038774567253
0,0,0.0006058569854826249
0,0,0.0010415213450141255
0,0,0.0019185662512554533
0,0,0.002541256268465013
0,0,0.001647463516775518
0,0,0.0007082122465822864
0,0,0.0005719538573390285
0,0,0.005231207185882186
1,1,0.9999999999999699
0,0,0.0005580442644143374
0,0,0.012418038023536446
0,0,0.0018899084362654103
0,0,0.0014961807954285385
0,0,0.002801106315511173
0,0,0.0041570196450304514
0,0,0.004133086400597095
0,0,0.002126273898616751
0,0,0.0059061857379790845
0,0,0.0012209438842246938
0,0,0.0021114047969842424
0,0,0.01883515213936043
0,0,0.0014255421169801533
0,0,0.0013009251820271714
0,0,5.707621364480523e-05
1,1,0.9999999999999305
1,1,0.9999999999999699
0,0,0.0016459777096135338
0,0,0.0060638397012682515
0,0,0.04232350164391193
0,0,0.00017706103765278912
0,0,0.007089435375341988
0,0,0.002787365832009645
0,0,0.0012834344520197768
0,0,0.001010038684520981
0,0,0.0007276315428778618
0,0,0.0011172940593902692
0,0,0.008486679954183314
0,0,0.005207895677320031
0,0,0.0004530536286425531
0,0,0.3012033382399888
0,0,0.004889744995224
1,0,0.011356373240900847
0,0,0.0018332989684277977
0,0,0.005255118045144128
0,0,0.008474612749022335
0,0,0.0021943772658997857
0,0,0.029165016043793745
0,0,0.007282710513763833
0,0,0.0028670205230641563
1,0,0.737590197742579
1,1,0.9999971047875076
0,0,0.005408409988919983
0,0,0.00459596859735701
0,0,0.003135236260431812
0,0,0.00663666979104426
0,0,0.005499853856936358
1,1,0.9999999999721164
0,0,0.03927186115998667
0,0,0.009884080968079871
0,0,0.0006883880256550284
0,0,0.0004786678720053301
0,0,0.000995188733997007
0,0,0.004362117194446769
0,0,0.011893132638246364
0,0,0.0010164893698000985
0,0,0.043340103698974855
0,0,0.01271242476493182
0,0,0.026068975789996913
0,0,0.028889509970768584
0,0,0.0003857407690637351
0,0,0.004133086400597095
0,0,0.003644692195952263
0,0,9.374896514314166e-05
0,0,0.00200989613381195
0,0,3.775765867763622e-05
0,0,0.00716037551252451
0,0,0.5298096373774666
0,0,0.0055812645446995
0,0,0.004133086400597095
0,0,0.000668157023967453
1,1,0.9999999999999699
0,0,0.001028960464372078
0,0,0.0012282479188517755
0,0,0.0011802454617421787
1,1,0.9999999999999699
1,1,0.9999999627240831
0,0,0.005693007987647792
0,0,0.0010215508785036517
0,0,0.0006215595696777955
0,0,0.025144516888575903
0,0,0.0020507891767864214
0,0,0.0008593858371461292
0,0,0.0005171039538885686
1,1,0.9999999999999699
0,0,0.0003372724678414143
0,0,0.00027860946223534486
0,0,0.0026463389703882665
0,0,0.004200803310664475
0,0,0.0013057149545035128
0,0,0.0024247855816090067
0,0,0.004492552650345403
0,0,0.005475825957654055
0,0,0.021257105356945465
0,0,0.014859586668067422
0,0,0.0010668864293440653
0,0,0.003948902262801845
0,0,0.002616988291542187
0,0,0.004133086400597095
0,0,0.0029570106300798654
0,0,0.00682721131932744
0,0,0.0013070583303519017
0,0,0.0005950392741108799
0,0,0.0005232803284431923
0,0,0.006067697511872614
0,0,0.0008726230463973885
0,0,0.0004974407262386407
0,0,0.0003347125241062638
0,0,0.004133086400597095
0,0,0.003930406656029981
0,0,0.0003051860643865872
0,0,0.0008089114268543798
0,0,0.060676090603819115
0,0,0.013081391667324013
0,0,0.002029622060960146
0,0,0.006402241253019189
0,0,0.0010244248206304706
0,0,0.0005188780412238674
0,0,0.042372319391934574
0,0,0.0027109237910245294
0,0,0.001689776056143291
0,0,0.001342128319258273
0,0,0.000537391332777685
0,0,0.002438822614726992
0,0,0.0006147689808011166
0,0,0.013807766952343412
0,0,0.0008780314228029867
1,1,0.9999999218227166
0,0,0.0005470891747230424
0,0,0.004255807208335676
0,0,0.0007312341560729748
1,1,0.9999999999999699
0,0,0.004661037964182881
0,0,0.0015800335722239347
0,0,0.002567721224156428
0,0,0.0004903550149725413
0,0,8.044671825753165e-05
0,0,0.011084033047327161
0,0,0.005582448972938238
0,0,0.08288735849296287
0,0,0.015490856336530013
0,0,0.0005717787274464251
0,0,0.006090901018930757
0,0,0.0012194951779563885
0,0,0.002479258048425136
0,0,0.007732490033061416
0,0,0.0010702348388380016
0,0,0.0027422792402206062
0,0,0.00511808482364943
0,0,0.0008890674115120149
0,0,0.0034798389012063954
0,0,0.00038736025073038947
0,0,0.003371781272372705
0,0,0.00298328548129037
0,0,0.003046553514065199
0,0,0.116103112197209
0,0,0.006591981535155208
0,0,0.003979364849182606
0,0,0.002177192687623457
0,0,0.002315589085235624
0,0,0.0005372963468708092
0,0,0.013885426869027885
0,0,0.006098968278478905
0,0,0.0062053096536435785
0,0,0.0036203253715191355
0,0,0.005168402662466988
0,0,0.051578431680978525
0,0,0.0029359771835595063
0,0,0.003502349609005365
0,0,0.001607745214133258
0,0,0.0028164193547260386
0,0,0.004403041532854152
0,0,0.00508146196039389
0,0,0.00048185314194438634
0,0,0.006066210258064226
0,0,0.0015780631286223278
0,0,0.0004804704556169549
0,0,0.00642904453469171
0,0,0.009800733578474516
0,0,0.0035541606717238204
0,0,0.0020622187360079523
0,0,0.0019272782033027528
0,0,0.0007735494610280445
0,0,0.1591431120867173
0,0,0.0026528043615645764
0,0,0.0008749062983212778
0,0,0.011231950038237794
0,0,0.09704852042377009
0,0,0.0005661781916902167
0,0,0.0031815748491106142
0,0,0.0027659646443835735
0,0,0.9941923937751622
0,0,0.0021024018943386286
0,0,0.0010708033430125096
0,0,0.0014377424506231203
0,0,0.00021567664950455858
0,0,0.0007647726098628243
0,0,0.003543853800705481
1,1,0.999999991334942
0,0,0.01852507573398889
0,0,0.0017506364115347532
0,0,0.0007142567170521719
0,0,0.01029541813025516
0,0,0.001804822206963257
0,0,0.007724424550742566
0,0,0.003708991193676334
0,0,0.0047013846299847955
0,0,0.004133086400597095
0,0,0.0009502865389283195
0,0,0.005344436612744912
1,1,0.9999999999999699
0,0,0.00031067123001288243
0,0,0.000754828751602243
0,0,0.006275157593257043
0,0,0.0007771520493286829
0,0,0.005043768278688492
0,0,0.0004231246772108383
0,0,0.002560091700978234
0,0,0.0011287936488140835
0,0,0.006509041064522405
0,0,0.0013241603363036976
0,0,0.0005465585027798371
0,0,0.0005325092301338613
0,0,0.010280395419169494
0,0,0.0005455210337667451
0,0,0.010819684960902555
1,1,0.9999999885247021
0,0,0.002939038875101353
0,0,0.001134478979245469
0,0,0.025006102670335636
0,0,0.003227270130064992
0,0,0.006850922737655926
0,0,0.0037664787918217663
0,0,0.009357579777429112
0,0,0.0041004937704024955
0,0,0.0051473317278951415
0,0,0.0006422374529421892
0,0,0.004509727739496209
0,0,0.004442681856390306
0,0,0.006954785828923417
0,0,0.00856050261689134
0,0,0.03284630983368678
0,0,0.00037097514639620257
0,0,0.006450223105439255
0,0,0.0021240728597142896
0,0,0.005281189981377645
0,0,0.001618551743596796
1,0,0.015586242389427974
0,0,8.320074226509051e-05
0,0,0.013130320812344509
0,0,0.0006871241159094056
0,0,0.004396893765190518
0,0,0.010754478217888755
0,0,0.0032296081268197796
0,0,0.00726368431599214
0,0,0.021168799445072384
0,0,0.002567721224156428
0,0,0.0025524853271965157
0,0,0.0007379661116818932
0,0,0.0015728100524538282
0,0,0.00585642564404281
0,0,0.0018059862761945456
0,0,0.0007360560868906089
0,0,0.0011767345610968474
0,0,0.008157602775836808
0,0,0.0060619187509365485
0,0,0.004133086400597095
0,0,0.0013435393352039578
0,0,0.002263294788643257
0,0,0.0027175479774409366
0,0,0.0012556255664771636
0,0,0.0023639183631661473
0,0,0.0009218128250509518
0,0,0.0030980127079195375
0,0,0.003329183717254807
0,0,0.005732557106053649
0,0,0.003289414201808302
0,0,0.0030075530983718914
0,0,0.000556356212643316
0,0,0.005069686222582089
0,0,0.008762317168840267
0,0,0.00040201156401312366
0,0,0.009632436299291258
0,0,0.006740658496788372
0,0,0.00214619116807305
0,0,0.002043696872283928
0,0,0.005571874640877206
0,0,0.004133086400597095
0,0,0.0005045579564478802
0,0,0.0004863383481505481
0,0,0.0028831593296961343
0,0,0.0005558577068546412
0,0,0.000866325331004431
0,0,0.0004665253663736274
0,0,0.0013726948561472259
0,0,0.002454666656485396
0,0,0.07344872300927426
0,0,0.003226065132630278
0,0,0.001147292485791832
0,0,0.0011523504279648677
0,0,0.0005059351329318447
0,0,0.0038787440816636177
0,0,0.0007510462986263856
0,0,0.0056901769465041085
0,0,0.0004766074060445685
0,0,0.004678565874911673
0,0,0.004727751715710249
0,0,0.002462768149261853
0,0,0.0003699392179641927
1,1,0.9999999999999699
0,0,0.00029070037248060297
0,0,0.0007346294006154529
0,0,0.007673456005397993
0,0,0.004773136292235917
0,0,0.005660562239471161
1,0,0.7051065889212228
0,0,0.002701951897315482
0,0,0.0013153096530148776
0,0,0.00929619623381364
0,0,0.004133086400597095
1,0,0.0735132867623788
0,0,0.012579099791762135
0,0,0.00040631540904262494
0,0,0.0011069588293545274
0,0,0.0025434284973182048
0,0,0.0019806331315901323
0,0,0.013007494665684365
0,0,0.012987963158852464
0,0,0.0005777671189032837
0,0,0.056287523823694924
0,0,0.0010038849053063562
0,0,0.006162750594392227
0,0,0.0031012420805673277
0,0,0.0013216021881380833
0,0,0.005543499383488916
0,0,0.0049026207251437835
0,0,0.0036459557728060203
0,0,0.0054794115757764725
0,0,0.0032362388511729635
0,0,0.0029459102260931506
0,0,0.005543499383488916
0,0,0.01126126263469797
0,0,0.0006135895354031377
0,0,0.0010871013172993249
0,0,0.0007255683815029505
0,0,0.0031621918819978163
0,0,0.0031711412428916236
0,0,0.0019625476565712147
0,0,0.0013706984866292764
0,0,0.004023178292546292
0,0,0.0016643266247092932
0,0,0.005167945733145033
0,0,0.00045059544732754987
0,0,0.0012310413150431773
0,0,0.0005321558400356229
0,0,0.0009461737173669035
0,0,0.0015204945448649054
0,0,0.0027444488370824104
0,0,0.0016215348040726461
0,0,0.004133086400597095
0,0,0.0008694262741124187
0,0,0.01042728828067374
0,0,0.006053559471928177
0,0,0.006677330442619496
0,0,0.0017383433979662266
0,0,0.0020928503394102593
0,0,0.002064073571274533
0,0,0.006899144061708729
0,0,0.0001696347442642354
0,0,0.0021196225245687208
0,0,0.002906755938493258
0,0,0.0007182860817806887
0,0,0.005733459918603662
0,0,0.0070270498653527995
1,1,0.9999999999999699
0,0,0.0013658506179392135
0,0,0.004751733882972242
0,0,0.0004087755207604953
0,0,0.016465890786160845
0,0,0.0014189481312394702
0,0,0.0028417359363173173
0,0,0.004133086400597095
0,0,0.0054514960744893835
1,1,0.9999999999999699
0,0,0.0011235705395296791
0,0,0.0037586550019909942
0,0,0.001397583901816693
0,0,0.00604074775283722
0,0,0.0011182755295448237
0,0,0.004133086400597095
0,0,0.005569884169144439
0,0,0.006083670348799045
1,0,0.48306276699660067
0,0,0.0011764998727319842
0,0,0.0011520241939037665
0,0,0.002381410623260706
0,0,0.006034128631369565
0,0,0.0024751664854270874
1,0,0.9968944553984984
0,0,0.07299431345569214
0,0,0.0005571090082806168
0,0,0.001043127812837408
0,0,0.0009123067602225706
0,0,0.3018137615354328
0,0,0.0015100811766194835
0,0,0.005273470724438928
0,0,0.002395912707175437
0,0,0.004133086400597095
0,0,0.002984053163339781
0,0,0.04773644989399102
0,0,0.011090104673572571
0,0,0.007760395424596093
0,0,0.004302582507716755
0,0,0.0008744696430901349
0,0,0.0010843096910684907
0,0,0.0012159841935372414
0,0,0.0016996483981879616
0,0,0.00018924900828394973
0,0,0.00036457769657411375
0,0,0.004133086400597095
0,0,0.0008673053287060321
0,0,0.010968416865234773
0,0,0.005692523644716316
0,0,0.0020040799946142635
0,0,0.002384700448178826
0,0,0.00396636229872858
0,0,0.00971993482964351
1,1,0.9999978254055685
0,0,0.0033305361233741805
0,0,0.00021629537658596947
0,0,0.0016121932455823902
0,0,0.004690112623571495
0,0,0.004074750164112412
0,0,0.005667287042374298
0,0,0.00261732717830528
0,0,0.004984243665804845
0,0,0.0022380005243942186
0,0,0.029604579111548457
0,0,0.009143233912563982
0,0,0.0011671173157587682
0,0,0.0032799972785847744
0,0,0.0037841272714122572
0,0,0.08713662282913963
0,0,0.04261496735289987
0,0,0.0013621316849626256
1,1,0.9999999999999516
0,0,0.09256141562325536
0,0,0.003680721902583925
0,0,0.004261328639345338
0,0,0.000808652925455871
0,0,0.002727204216928099
0,0,0.0211752271787888
0,0,0.003377360343904028
0,0,0.005214052023809626
0,0,0.010241571515897182
0,0,0.01735636894767113
0,0,0.008014224421485633
0,0,0.005597740850865353
0,0,0.0013272409922617395
0,0,0.006063623904231746
0,0,0.00869028014130063
0,0,0.0017056121576392131
0,0,0.0041716525415626685
0,0,0.002101652818332926
0,0,0.006037629800344414
0,0,0.0014139539670640642
0,0,0.011452774433277687
0,0,0.0008554652154462471
0,0,0.023504114796451286
0,0,0.20101833047169962
0,0,0.0027703020487289186
0,0,0.021728143118853682
0,0,0.004011469832756333
0,0,0.0007154005089469065
0,0,0.9812420527779002
0,0,0.0046524274197268225
0,0,0.0039723999927461714
0,0,0.0009585448541315163
0,0,0.011655313709255447
0,0,0.0017145445040773317
0,0,0.006085421085481892
0,0,0.0006281424630754247
0,0,0.0006062973927925869
0,0,0.00180542154247193
0,0,0.012434780018785844
0,0,0.0053051674928688165
0,0,0.0037867979315016225
0,0,0.00042041440647279225
0,0,0.006432727512740069
0,0,0.0011258730375776629
0,0,0.005639083612662042
0,0,0.003551141612477704
1,1,0.9999999766918355
0,0,0.0007703641520670229
0,0,0.0174982600768899
0,0,0.0005488643832741989
0,0,0.0007791474521621168
0,0,0.02465837531543664
0,0,0.0050257197086827545
1,1,0.9999999999999699
0,0,0.1866955836079266
0,0,0.0005814470393333566
0,0,0.0006337032220312625
0,0,0.01285509128443127
0,0,0.00486339639086024
0,0,0.0002356162202998114
0,0,0.001962707721552858
0,0,0.00413754137087257
0,0,0.002241003207736
0,0,0.0061638927240748745
0,0,0.006124467095297975
0,0,0.005239403321390505
0,0,0.015952741930971587
0,0,0.004665881191903011
0,0,0.00026433373992879126
0,0,0.00040631540904262494
0,0,0.012349533802733133
1,0,0.08705341325144969
0,0,0.0031014119437583402
0,0,0.004133086400597095
0,0,0.007005658249977919
0,0,0.004014879336352668
0,0,0.00340533874164677
0,0,0.0006870245958486193
0,0,0.0027957374953746558
0,0,0.0012942899536499777
0,0,0.0020398620788715585
0,0,0.032600248731826126
0,0,0.0005155191483754684
0,0,0.0009160215983615543
0,0,0.0008736219410815479
0,0,0.0016273452169995462
0,0,0.000795698408764529
0,0,0.002651104829633073
0,0,0.00075171296546112
0,0,0.0010071075959236576
0,0,0.004488570847170782
0,0,0.004133086400597095
0,0,0.006141747390308247
0,0,0.0015719120017550887
0,0,0.0016372417829996718
0,0,0.00028543591721082027
0,0,0.004133086400597095
0,0,0.002569678385580444
0,0,0.002597224476470502
0,0,0.00024144465008444185
0,0,0.005616614189994456
0,0,0.0013617628528835345
0,0,0.002356189233970852
0,0,0.002595111061318292
0,0,0.010873652416817016
0,0,0.0007251527270674979
0,0,0.0018825109361708492
0,0,0.0018810428011947042
0,0,0.0016022561456408744
0,0,0.048167512240543206
1,1,0.9999999412173496
0,0,0.0013411958705048768
0,0,0.003789885027400956
0,0,0.004670368484386415
0,0,0.0025956427833728783
0,0,0.00011838592140687223
0,0,0.0011935229027923884
0,0,0.0010962576752004546
0,0,0.00030445344796342075
0,0,0.0016485516497645393
0,0,0.005146736020694625
0,0,0.008066027582746285
0,0,0.0005127618343910784
0,0,0.07128367095719618
0,0,0.004133086400597095
0,0,0.005147251648649064
0,0,0.027237189473528385
0,0,0.006114460030040523
0,0,0.0005464534412404222
0,0,0.006049479800560158
0,0,0.023588117876393394
0,0,0.00700985779892805
0,0,0.004102241326658683
0,0,0.008829290117129207
0,0,0.005602151480724526
0,0,0.005809917463175085
0,0,0.0009987801027505215
0,0,0.0005445357659164136
0,0,0.002822384002427511
0,0,0.0020560946208060603
0,0,0.23465065586042136
0,0,0.0003127015106083121
0,0,0.004133086400597095
0,0,0.013469823818737271
0,0,0.003010304458598907
0,0,0.0009246838954437447
0,0,0.0011699338124622335
0,0,0.0013457205377945278
0,0,0.0005758551354417955
0,0,0.00192283322740548
0,0,0.006090901018930757
0,0,0.007061561634083275
0,0,0.005335571181127611
0,0,0.0005442365992692798
1,0,0.36331514303504747
0,0,0.004510785012577243
0,0,0.013384749644247962
0,0,0.0022016736080492615
0,0,0.012641347184617348
0,0,0.0035840594116740964
0,0,0.0008199771318684935
0,0,0.0008797774889890125
0,0,0.0006438692739063152
0,0,0.0028542737514306634
0,0,0.0007413634599758783
0,0,0.0030353930341656503
0,0,0.009286297021953986
0,0,0.01706548554387054
0,0,0.0007975708780973017
0,0,0.00427151279053292
0,0,0.0024760154335114653
0,0,0.0060532300059012
0,0,0.0003901455015016802
0,0,0.0020174585889404417
0,0,0.006090368235824422
0,0,0.004993663576660066
0,0,0.0013564070459196405
0,0,0.0033754392892027777
0,0,0.0005913863982477982
0,0,0.030640940927201762
0,0,0.0049555406172568294
0,0,0.46003176441806337
0,0,0.0005013404895526455
0,0,0.006392046459756896
0,0,0.019708718406674607
0,0,0.0002789381129105014
0,0,0.0017165064552269555
0,0,0.00034501717023011823
0,0,0.0057113826457918385
0,0,0.002792847976701387
0,0,0.0031558180072527244
0,0,0.0032994895255866095
0,0,0.12115733614733343
0,0,0.0024832831827481757
1,1,0.9999999999999699
0,0,0.0026280418207456826
0,0,0.0008501010465175809
0,0,0.0017371873329035514
0,0,0.0023935434031219643
0,0,0.01918734450423238
0,0,0.006938345063646287
0,0,0.0024573761318025193
0,0,0.005190336895921932
0,0,0.002145364749934261
0,0,0.003830974731979089
0,0,0.03846090833465206
0,0,0.006090901018930757
1,1,0.9999999999998382
0,0,0.00010294561454477222
0,0,0.002509085464559478
0,0,0.006986804856783151
0,0,0.002198853802163981
0,0,0.005461673573933909
0,0,0.008104008447283585
0,0,0.012806940927118812
0,0,0.003880214775788892
0,0,0.0016920593845624694
0,0,0.0012443553687710282
0,0,0.025235013844428816
0,0,0.0031832920128508544
0,0,0.004371104933151519
0,0,0.0031621918819978163
0,0,0.024010201703957332
0,0,0.11288091420347872
0,0,0.012732414811969628
0,0,0.011813886475496254
0,0,0.0008932160161739515
0,0,0.0019797384435403928
0,0,0.0007086046741992848
0,0,0.00024263022451458932
0,0,0.0060839736868870875
0,0,0.0029262028438584537
0,0,0.0018603126619934015
0,0,0.005713387790995052
0,0,0.0007791474521621168
1,0,0.9713927564891514
0,0,0.004133086400597095
0,0,0.0048073351229064795
0,0,0.001908846728565184
0,0,0.007271945390696372
0,0,0.001652670709524776
0,0,0.0028656206944266253
0,0,0.003128162459137128
0,0,0.0020541803870173254
0,0,0.00014387503786305317
0,0,0.0025065855525404006
0,0,0.01774966200547725
0,0,0.004014383875439164
0,0,3.2857286227907296e-05
0,0,0.004800323603077389
0,0,0.0014980616816473108
0,0,0.004324149058209296
0,0,0.007439785955198764
0,0,0.007531925936233272
0,0,0.002279346807164071
0,0,0.02430488022926387
0,0,0.009929251581926334
0,0,0.00342733897002278
0,0,0.006243856508778774
0,0,0.010519779035707385
0,0,0.016091678399439112
0,0,0.002614292775949103
0,0,0.01474503641561716
0,0,0.00086401203893533
0,0,0.002915028724924479
0,0,0.004005819806925093
0,0,0.000671915223093576
0,0,0.004133086400597095
0,0,0.0022461509234867234
0,0,0.0049171238172997025
0,0,0.00535689652056288
0,0,0.015694157071216974
0,0,0.0041293662165689735
0,0,0.0017574815354088561
0,0,0.002274061260906697
0,0,0.0403782319590848
0,0,0.005069387990062191
0,0,0.043440659574779675
0,0,0.004133086400597095
0,0,0.0046828028263767455
0,0,0.0014619829295903495
0,0,0.004871226230154897
0,0,0.0018452098150021784
0,0,0.025766428522762067
0,0,0.0021586352984258534
0,0,0.0030649402557383653
0,0,0.006798989110866432
1,1,0.9999999999999699
1,0,0.030991246416524888
0,0,0.0022787781386810475
0,0,9.704364164235803e-05
0,0,0.0032860367143924627
0,0,0.000998502009732118
0,0,0.03148829315588236
0,0,0.0005980287926106081
0,0,0.0011999262767075673
0,0,0.009401393952747044
0,0,0.0028905710528905806
0,0,0.0035098506342002784
0,0,0.0005295976591477115
0,0,0.022177061011969267
0,0,0.0012466592785605026
0,0,0.0036103365470845105
0,0,0.0009094225511656269
0,0,0.0007617282306937812
0,0,0.006026271219833165
0,0,0.0002891129667590281
0,0,0.0012201467801233228
0,0,0.002223246075280134
0,0,0.0015929953497333918
0,0,0.009141498219633218
0,0,0.010194985125855562
0,0,0.0002701790894124575
0,0,0.002705704355516435
0,0,0.0016034724201365897
0,0,0.0005606618224974107
0,0,0.006070821584658181
0,0,0.0006253324085719339
0,0,0.002895996364513934
0,0,0.0014355847943929832
0,0,0.013146402710842343
0,0,0.02796243523016058
0,0,0.007320046590958029
0,0,0.00046696826224350323
0,0,0.01307423549240384
0,0,0.004287557252921731
0,0,0.007389995931698538
0,0,0.0008233959879580806
0,0,0.006521375627389791
0,0,0.00021128756786439217
0,0,0.0009151307720368434
1,0,0.4550382344591902
0,0,0.008707315361677589
0,0,0.004263281511428946
0,0,0.0028507250926966183
0,0,0.010662113700036464
0,0,0.008722677534175143
0,0,0.005244953725720259
0,0,0.0006853108024916906
0,0,0.008374899552208595
0,0,0.004133086400597095
0,0,0.0023280463654840864
0,0,0.00125796355657071
0,0,0.0017093192837297213
0,0,0.0016161172959925025
0,0,0.0011307845130609513
0,0,0.006090368235824422
0,0,0.008765286534842053
0,0,0.004739376753752813
0,0,0.002606032229268062
0,0,0.0004107837265841382
0,0,0.0013793604604601065
0,0,0.0019554918439339155
0,0,0.00763020667243863
0,0,0.004230191703628855
0,0,0.0012838436858368962
0,0,0.004521229806534891
0,0,0.0006287990071550655
0,0,0.00032990247984896604
0,0,0.0007831861515965034
0,0,0.00038268688366790667
0,0,0.0017061508483217037
0,0,0.002316177067473775
0,0,0.004791234884350418
0,0,0.000449495271590962
1,0,0.4693895297635305
0,0,0.0005915926391548919
0,0,0.004549906426878874
0,0,0.004189579700784261
0,0,0.003549997390132287
0,0,0.15956111682381194
0,0,0.0014160799262531042
0,0,0.0016454095471799992
0,0,0.016708495022537552
0,0,0.005101517460138873
1,1,0.9999999999999699
0,0,0.0010575750167308505
0,0,0.0021889148731961514
0,0,0.005718119281533376
0,0,0.0008212427496863506
0,0,0.006076219715056117
0,0,0.005713507593422062
0,0,0.0023728401690637714
0,0,0.0011692500097543604
0,0,0.004997109474240068
0,0,0.0011464512028231233
0,0,0.028225113076526122
0,0,0.013881942760593397
0,0,0.004105961132115708
0,0,0.00021590139583328174
0,0,0.004321855309650779
0,0,0.0011203690424761263
0,0,0.0001759638157978484
0,0,0.008957253518542865
0,0,0.0015083572901104362
0,0,0.0032944034194013773
0,0,0.0048764200190103794
0,0,0.0022682739381073504
0,0,0.004670368484386415
0,0,0.0007096959319663186
0,0,0.002481696761260521
0,0,0.006257879416868619
0,0,0.001052003475022758
0,0,0.0032279441922018403
0,0,0.0037069024301070205
0,0,0.0007082122465822864
0,0,0.0007845026267213898
0,0,0.006307646967695967
0,0,0.0002358451068442531
0,0,0.05429389945911583
0,0,0.0011624537688415346
0,0,0.0009411109730226272
0,0,0.024899237293739808
0,0,0.0006346135367168664
0,0,0.00023530251930484002
0,0,0.001760539943950432
0,0,0.0026421543450131212
0,0,0.0021369656176191305
0,0,0.004371962678139562
0,0,0.0010866358499599976
0,0,0.0025544537468833407
0,0,0.0005347327748246925
0,0,0.0010307293372858943
0,0,0.2053110344583567
0,0,0.006062593130617238
0,0,0.00372009241273652
0,0,0.012102907398237675
0,0,0.005317944404792996
0,0,0.004056553940613436
1,1,0.9999999999999699
0,0,0.0031274679157754664
0,0,0.0060637010498757245
0,0,0.0064090229748010015
0,0,0.0038760170668403716
0,0,0.006049453973667099
0,0,0.0027853336570352657
0,0,0.0020363786210132392
0,0,0.003974564467059074
0,0,0.03046154567628397
0,0,0.004200803310664475
0,0,0.002637707023383717
0,0,0.010963471576120046
0,0,0.007562773894927448
0,0,0.0020697908333674655
0,0,0.006061386700230227
0,0,0.01058965339972888
0,0,0.00026433373992879126
0,0,0.0029266499771754243
0,0,0.001099862712987795
0,0,0.0031055748153024565
0,0,0.00406206330400953
0,0,0.0028028485651307913
0,0,0.05955406316569915
0,0,0.0008987678233909064
0,0,0.0025449405927912196
1,0,0.00449892263599305
0,0,0.08637129107670558
0,0,0.0065953768933108775
0,0,0.0008676493401067705
0,0,0.002328622428202831
0,0,0.00422800643965311
0,0,0.0010028353730234597
0,0,0.00032140610441811304
0,0,0.003059390534538114
0,0,0.0004959759261128146
0,0,0.006040902367266072
0,0,0.000463574029637787
0,0,0.010666599870463775
0,0,0.00026927832734537614
0,0,0.0005461387335957486
0,0,0.003152062371855557
0,0,0.010788255667023097
0,0,0.002469749550577795
0,0,0.0029019622092173194
0,0,0.010445071458952928
0,0,0.0005529468412911791
0,0,0.06076181290851879
0,0,0.007562938913803013
0,0,0.0024832831827481757
0,0,0.0001976723158743609
0,0,0.0003350887538936634
0,0,0.001146516353678592
0,0,0.0017243011809046202
0,0,0.001419091554316658
0,0,0.005222549562354885
0,0,0.0008786381589681192
0,0,0.0009726647510717758
0,0,0.008707738764292846
0,0,0.008576730463431078
0,0,0.004456626254811598
0,0,0.005795499998953703
0,0,0.020775789874672528
0,0,0.00023230942522174848
0,0,0.003960719030650707
0,0,0.002433416435404342
1,1,0.9999999999999699
0,0,0.0016484374269714656
0,0,0.0003727660349348018
0,0,0.001208950222421954
0,0,0.003436010763590701
0,0,0.004646582233925654
0,0,0.0024002144166089183
0,0,0.0006031045504899822
0,0,0.0025954978084635895
0,0,0.005039883505840803
0,0,0.0022847439469881716
0,0,0.0005704565353775038
1,0,0.32268852379301854
0,0,0.007803764065390563
0,0,0.00536974581922172
0,0,0.0012278157729729608
0,0,0.00043732381567133683
0,0,0.005275992036651974
0,0,0.0019522743711170708
0,0,0.0018093557853484535
0,0,0.0015109829135894536
0,0,0.0029970357407293124
0,0,0.004989815584869437
0,0,0.006613374003373452
1,1,0.9999999999999699
0,0,0.024500918521845477
0,0,0.0010243423763270838
0,0,0.017619565125276175
0,0,0.016988975413873533
0,0,7.370308744381933e-05
0,0,0.0032860367143924627
0,0,0.002852493056030483
0,0,0.061119165259419565
0,0,0.0006528693346787904
0,0,0.011174677148133883
0,0,0.004663561670141686
1,0,0.9849989660558574
1,1,0.9999999999993779
0,0,0.005316367482846187
0,0,0.0012299058455507662
0,0,0.0018744086864999363
0,0,0.005432411351523336
0,0,0.0028670205230641563
0,0,0.0006034606082670049
0,0,0.024966115887924648
0,0,0.003041101334102143
0,0,0.029243695380826492
0,0,0.0006413594783795033
0,0,0.0034975336504069164
0,0,0.001836580094450145
0,0,0.0069987496876057
0,0,0.003056638730944446
0,0,0.06310273107497417
0,0,0.0038856797264979637
0,0,0.0033154055530924356
0,0,0.0015844242977639247
0,0,0.002527980616953667
0,0,0.008047996298467301
0,0,0.0005542327163132017
0,0,0.001826459276122874
1,0,0.9860527941612913
0,0,0.0012268684310011953
0,0,8.320074226509051e-05
0,0,0.002550040128078955
0,0,0.004516465389863149
0,0,0.005848636897591479
0,0,0.005271753654659252
0,0,6.531241645653033e-05
0,0,0.0008301664812416047
0,0,0.020956959973868945
0,0,0.001161399793085253
0,0,0.002306170973007734
0,0,0.006569496793652144
0,0,0.022463196314252608
0,0,0.00730205109684609
0,0,0.004926287529445811
0,0,0.004070424199396947
0,0,0.004053821226703242
0,0,0.0008821332727506952
0,0,0.001115792362660086
0,0,0.0017873664663249004
0,0,0.0002492924598754676
0,0,0.002479208737421859
0,0,0.004826060027189479
0,0,0.0042085132468233505
0,0,0.0037888574977548084
0,0,0.0035324136890288664
0,0,0.0002482343831330063
0,0,0.0007148896799052558
0,0,0.001179471334558702
0,0,0.057407781812692536
0,0,0.006228290074051762
0,0,0.0009443000575722081
0,0,0.007160838838761914
0,0,0.004133086400597095
0,0,0.05503747155484072
0,0,0.005406462282548303
0,0,0.000905175558816819
0,0,0.0004039941095461179
0,0,0.004133086400597095
0,0,0.0013564070459196405
0,0,0.021239282182660905
0,0,0.001479605189092945
0,0,0.0009109502966254669
0,0,0.0004345409766423962
0,0,0.007545041259166726
0,0,0.008937306349307634
0,0,0.00992616095396438
0,0,0.0012455211976988435
1,0,0.9842952325888296
0,0,0.00036450749738783234
0,0,0.003017117480419294
0,0,0.004189525187132955
0,0,0.004133086400597095
0,0,0.004771262186830188
0,0,0.006021425342444669
0,0,0.0008433287409689501
0,0,0.004835874543628867
0,0,0.002223877467810442
0,0,0.0018068223083110286
0,0,0.0012645116124505695
0,0,0.0005009945676055304
0,0,0.0026104804200241714
0,0,0.0020491264672625503
0,0,0.004420334926098086
0,0,0.004123693177809784
1,1,0.9999999999999699
0,0,0.6797403505141402
0,0,0.0012952852857739472
0,0,0.010432498339649276
0,0,0.017553491897001682
0,0,0.031361743195551545
0,0,0.0021894403177555
0,0,0.00029217971526531475
0,0,0.0035096607369076785
0,0,0.0006121009105087947
0,0,0.00600663122562919
0,0,0.014721303592581452
1,0,0.9959727954621892
0,0,0.0006655204266418966
0,0,0.004176721915284991
0,0,0.0015800335722239347
0,0,0.0010235275970379809
0,0,0.0059611388274004315
0,0,0.0007774152783996709
0,0,0.0003157930952352197
0,0,0.025648061053493893
0,0,0.001036327091406318
0,0,0.0018748097419225452
0,0,0.0041532540425380775
0,0,0.005217389410287845
0,0,0.00218726650531919
0,0,0.0013197919061288168
0,0,0.005134953645668935
0,0,0.0003185140329197226
0,0,0.001903394327857101
0,0,0.0007461008204023108
0,0,0.000806814332537399
0,0,0.009310452226301197
0,0,0.004390578041406337
0,0,0.0009011525354899695
0,0,0.0024832831827481757
0,0,0.004133086400597095
0,0,0.004105041676628897
1,1,0.9999999795636634
0,0,0.0020358634045309263
1,0,0.9928703205194711
0,0,0.011345030439347327
0,0,0.004133086400597095
0,0,0.002229038740746618
0,0,0.004156561082115081
0,0,0.00252453327767501
0,0,0.002563771141047787
0,0,0.0006591364957789634
0,0,0.0013069452328931643
0,0,0.006028836626105262
0,0,0.001231380831117967
0,0,0.41538222744227765
0,0,0.0025184447258350916
0,0,0.0004199553316156687
0,0,9.595226310928312e-05
1,0,0.886564776020541
0,0,0.0013128802971803953
0,0,0.0034461807669724956
0,0,0.0009317171298905071
0,0,0.004006149839607836
0,0,0.0170589650694977
0,0,0.0008622212443490731
0,0,0.0002513160233113093
0,0,0.019837016693145824
0,0,0.0031621918819978163
0,0,0.0002541363634832894
0,0,0.0014192017322246589
0,0,0.005682410316305882
0,0,0.0008709711103847852
0,0,0.0006646884532303956
0,0,0.003151051106752835
0,0,0.004133086400597095
0,0,0.0006332465044103972
0,0,0.0015650693219788612
0,0,0.0013717555233843032
0,0,0.0015605281470161584
0,0,0.0030921990996527135
0,0,0.006196796692655586
0,0,0.004133086400597095
0,0,0.0004801899795424504
0,0,0.0034893525826393615
0,0,0.006185086207395596
0,0,0.0017524416698722288
0,0,0.0033054266823931604
0,0,0.0032044556415180823
0,0,0.001648959326338186
0,0,0.00026205942145117656
0,0,0.00460206055854757
0,0,0.005644458482505982
1,1,0.9999999999999699
0,0,0.03364126839522059
1,1,0.9999999999999699
0,0,0.0025519760456065074
0,0,0.00412698796005755
0,0,0.005553457024782579
0,0,0.02679270393129723
1,1,0.9999999999999699
0,0,0.001963022868119209
0,0,0.003634331792974838
0,0,0.005001215648955422
0,0,0.003059500146899283
0,0,0.002486577240396343
0,0,0.0032252318298319495
0,0,0.00103782105830927
0,0,0.006040902367266072
0,0,0.0044343881061242795
0,0,0.002118803886204111
0,0,0.0077536170680162575
0,0,0.0006825656669733783
0,0,0.004134581834996257
0,0,0.0037567416737008886
0,0,0.00425386895975861
0,0,0.004133086400597095
0,0,7.634554844146802e-05
0,0,0.019594104471850293
0,0,0.0007572720047752153
0,0,0.0005451961555661569
0,0,0.0027675963703520587
0,0,0.006053514589766258
0,0,0.006469192105237026
0,0,0.0012334970826785145
0,0,0.007509937154489585
0,0,0.006085277148024976
0,0,0.0029218727459678637
0,0,0.004133086400597095
0,0,0.00266981255649469
0,0,0.001110702021433462
0,0,0.011971819985396374
1,0,0.692585260983982
0,0,0.0014065634754737064
0,0,0.002331753316238501
0,0,0.000264657725868205
0,0,0.0009938935093753353
0,0,0.03553111969571638
0,0,0.005379882068334362
0,0,0.0005698167338108674
0,0,0.0014536007416433093
1,0,0.08175774214030386
0,0,0.004133086400597095
0,0,0.003056638730944446
0,0,0.0006781271407920171
0,0,0.004133086400597095
0,0,0.0008655962680572385
0,0,0.003512359853007703
1,1,0.999997903928734
0,0,0.0003536971746593313
0,0,0.003367736738981994
0,0,0.02937465978137353
0,0,0.0026017322530844282
0,0,0.00377260123734977
0,0,0.23501007882027825
0,0,0.0008811265198822066
0,0,0.005275062341014704
0,0,0.002984143026956243
0,0,0.004211092768094418
0,0,0.00016471675725532344
0,0,0.0025050163562363036
0,0,0.029632698247604974
0,0,0.0009029702453607334
0,0,0.0006758622710222698
0,0,0.0023459661006811384
0,0,0.004133086400597095
0,0,0.001872846200579703
0,0,0.0006532870199434865
0,0,0.15540671830224564
0,0,8.309718916178165e-05
0,0,0.012055275417219598
1,1,0.9999999999999699
0,0,0.02142043712337072
0,0,0.0017185659982910805
0,0,0.000891187057632222
0,0,0.009781751793228759
0,0,0.0046939356225234
0,0,0.020216648295679433
0,0,0.0036051455248465565
0,0,0.005424198114294561
0,0,0.006063449801171706
0,0,0.000588664861529596
0,0,0.0012961992284328476
0,0,0.004039280724941178
0,0,0.011166653648069636
0,0,0.004116085624109584
0,0,0.0011165872781418312
0,0,0.00600653036105065
0,0,0.004355985565427818
0,0,0.0008374258355659884
0,0,0.00749099670913585
0,0,0.007546515618871785
0,0,0.0010028794707271815
0,0,0.0009183542168618765
0,0,0.003934874475179995
0,0,0.07972843634236035
0,0,0.0023450871240963825
0,0,0.0011553820902713938
0,0,0.0015774070178116945
0,0,0.0007097084734168699
0,0,0.002825608731536643
0,0,0.004133086400597095
0,0,0.000737658187859795
0,0,0.002420406700585674
0,0,0.000266745585120226
0,0,0.00888563728969317
0,0,0.0007556341759042428
0,0,0.002077017300785678
0,0,0.0025828178928186027
0,0,0.011433704326921602
0,0,0.004133086400597095
0,0,0.0015494026743267087
0,0,0.0009891730182817885
0,0,0.0006110944558819145
0,0,0.007273925465187896
0,0,0.0011018366364375174
0,0,0.0006223877376812467
0,0,0.004081647817226322
0,0,0.020534166142416852
0,0,0.003046582807710637
0,0,0.0005743604033135888
1,0,0.9351786218731066
0,0,0.010188440167659879
0,0,0.003949722703326184
0,0,0.001268258556646043
0,0,0.15594279854198076
0,0,0.004038846751178461
0,0,0.0023086448687326044
0,0,0.006077551945296022
0,0,0.004133086400597095
0,0,0.001423959910420793
0,0,0.006060358519009485
1,1,0.9999999999999699
0,0,0.003137686352952155
0,0,0.0022255782762441957
0,0,0.08263801474897879
0,0,0.015044053798233405
0,0,0.0017872877831696344
0,0,0.0012604718847188936
0,0,0.006787809615301282
1,0,0.9945858957816761
1,0,0.2262833357995416
0,0,0.002559797181102972
0,0,0.0016372417829996718
0,0,0.0029202734111924093
0,0,0.005312348704986823
0,0,0.07515904319851324
0,0,0.007632198906955336
0,0,0.00013951005260153787
0,0,0.005357058458326267
0,0,0.003230405415968425
0,0,0.0009868701478251466
0,0,0.012387499172791881
0,0,0.0003800781045638905
0,0,0.054785770406021214
0,0,0.0022824308195307794
0,0,0.0013157318471361534
1,1,0.9999999999999699
1,1,0.9999999999999699
0,0,0.0026441366083618354
0,0,0.009769171374011506
0,0,0.0013152929930595827
0,0,0.004763828992829502
0,0,0.006081982751860521
0,0,0.004102927487711257
0,0,0.005964440111230204
0,0,0.00202559293237328
0,0,0.0011026516050968284
0,0,0.0010214127553917485
0,0,0.016474225387009978
0,0,0.0030454228571383268
0,0,0.00036240318709501675
0,0,0.00600663122562919
0,0,0.0068566720029034425
1,0,0.19782814941916277
0,0,0.006722003878879035
0,0,0.0057764830046249695
0,0,0.013155144653327918
0,0,0.004067358762389339
0,0,0.00562543939181433
0,0,0.0019343874123707197
0,0,0.011184240089267536
0,0,0.010006874940715943
0,0,0.0014700282723085652
0,0,0.0027583220401906305
0,0,0.0014028879759966969
0,0,0.0010228779567990176
0,0,0.0008554652154462471
0,0,0.0016001285941768216
0,0,0.001438214540473418
0,0,0.003798545493848763
0,0,0.09711811700369934
0,0,0.002453948921544405
0,0,0.002043696872283928
0,0,0.0005302333107535432
0,0,0.007621561818840202
0,0,0.0004299003806933134
0,0,0.009030504419531753
0,0,0.0020029645390985834
0,0,0.00201682829052107
0,0,0.0020979462074279145
0,0,0.004294528091324645
0,0,0.0009449090470970207
0,0,0.007722899071943148
0,0,0.00028810756650014655
0,0,0.0007492701606467112
0,0,0.005033604808687698
0,0,0.0018679107517158065
0,0,0.0736924606305006
0,0,0.004159501858403065
0,0,0.0031297294516273244
0,0,0.01134136189530804
1,1,0.9999999999999699
0,0,0.01417297956139226
1,1,0.9999999999999699
0,0,0.0024301011091471198
0,0,0.008130756373426655
0,0,0.002926602156713632
0,0,0.003199560265213593
0,0,0.0033604805095602736
0,0,0.006043994814119221
0,0,0.0008041423249838717
0,0,0.015001923288763786
0,0,0.002717263173656864
0,0,0.0023991465276717787
0,0,0.0027488081312522297
0,0,0.008056131964310138
0,0,0.0005204984082885295
0,0,0.0041233595977172525
0,0,0.012075089908249279
0,0,0.0007417852914052267
0,0,0.0023121622507557608
0,0,0.0014543110013681268
0,0,0.003224666532225346
0,0,0.0034673961983558536
0,0,0.0008445724484633736
1,0,0.14596724162137267
0,0,0.002874980300345565
0,0,0.0018489915537251405
0,0,0.0027489530004611447
0,0,0.0034782087163106644
0,0,0.0008516286267564613
0,0,0.005951644620248718
0,0,0.006736062474721212
0,0,0.00756484063032797
0,0,0.0029928944902014544
0,0,0.017110446811705485
0,0,0.0007672422420493254
0,0,0.03704124668677233
0,0,0.004133086400597095
1,1,0.9999999999999699
0,0,0.0005410351195021223
0,0,0.013314562011937819
0,0,0.0032199156888372458
0,0,0.000626291542576072
0,0,0.004764338306796777
0,0,0.002103830164248594
0,0,0.0007868337374611471
0,0,5.5610309930695994e-05
0,0,0.012770712397470714
0,0,0.0005732510073254741
0,0,0.0012262328629782083
0,0,0.0014338442361537087
0,0,0.009948057776326248
0,0,0.003429582732441178
0,0,0.003741298745408448
0,0,0.011080935815269897
0,0,0.0008457795249698246
1,1,0.9999999999999699
0,0,0.00014746948094706048
0,0,0.0013056656049958216
0,0,0.00040988607601021384
0,0,0.009555452183553803
1,1,0.999999999989441
0,0,0.00555811695339191
0,0,0.33390410087059597
0,0,0.0005318966299779855
0,0,0.0012926601388528508
0,0,0.005937270098468383
0,0,0.0023618728889141846
0,0,0.0053893530986443925
0,0,0.1265093483456632
0,0,0.0007339696826972618
0,0,0.0013247780263220838
0,0,0.0034097554349108786
1,1,0.9999999999999699
0,0,0.008555140123974013
0,0,0.0032255677692050824
0,0,0.0012912833073677932
0,0,0.0028972692292528776
0,0,0.011664729555894501
0,0,0.0020586620231198634
1,0,0.01396056510842992
0,0,0.0007968077896192377
0,0,0.003387645855358795
0,0,0.0013500043845110718
0,0,0.007115285104650865
0,0,0.001965715942412302
0,0,0.0020334913662613634
0,0,0.005672641666533633
0,0,0.005613693118150437
0,0,0.06768189980493983
0,0,0.0014395896801530478
0,0,0.001343722580647796
0,0,0.014005375819190553
0,0,0.0034593022392866604
0,0,0.0002707212418576601
0,0,0.00046742652228681575
0,0,0.00390467696394664
0,0,0.0003736272885877944
0,0,0.012328026213142718
0,0,0.005554663164892205
0,0,0.0004610302663258335
0,0,0.021116710658179286
0,0,0.003587118923154311
0,0,0.25288032542193956
0,0,0.006164023494106964
0,0,0.0004346847410534151
0,0,0.0046901841062898745
0,0,0.001956444216345619
0,0,0.0007700111492073765
0,0,0.0007593203631755641
0,0,0.006735952547958546
0,0,0.002353944890436235
0,0,0.011874006221241925
0,0,0.005943498193631138
0,0,0.0006266050745136099
0,0,0.002036005240857864
0,0,0.002581534523744694
0,0,0.002495433976654063
0,0,0.0005708987175301559
0,0,0.019631372529748316
1,1,0.9999999999999699
0,0,0.0014690985309641605
0,0,0.0006506772046570684
0,0,0.011693923730337964
0,0,0.004277513174181235
0,0,0.008533448553778295
1,1,0.9999994231947654
0,0,0.0020662068329454796
0,0,0.004202176541171193
1,0,0.5345273135319819
0,0,0.0030603392689916827
0,0,0.0030626482445889093
0,0,0.0037492054270463794
0,0,0.007690045408223145
0,0,0.01005309580975139
0,0,0.0012352273565326647
0,0,0.006060434338213299
0,0,0.012205021543849653
0,0,0.019057089419290123
0,0,0.0033570739774537277
1,1,0.9999999999999699
0,0,0.0035351739260195384
0,0,0.008386950746167512
0,0,0.0008625120751686841
0,0,0.0009281887303224024
0,0,0.0012503769409009412
0,0,0.006081982751860521
0,0,0.002051247459214712
0,0,0.0005447445276017624
0,0,0.010762725841349628
0,0,0.0020487369801735814
0,0,0.0014451616632627274
0,0,0.01236248820972673
0,0,0.0008175892448953414
1,0,0.8914346033477625
0,0,0.005115818271328305
0,0,0.0050639639226381684
0,0,0.001204131004274195
0,0,8.517854221028503e-05
0,0,0.0016151441072691148
0,0,0.003917921795882782
0,0,0.0005503349156155043
0,0,0.0004442241367952964
0,0,0.0016440387968528435
0,0,0.0066756612640852505
0,0,0.012716838463020498
0,0,0.0026293162559636435
0,0,0.0033022096945738897
0,0,0.0060089651382349545
0,0,0.04790069752735505
0,0,0.0014392273741192542
1,1,0.9999999999999699
0,0,0.00030483461121883653
0,0,0.004133086400597095
1,1,0.9999999999999699
0,0,0.0007088472584341903
0,0,0.0010586909715549295
1,0,0.010261998404036682
0,0,0.005057030197110079
0,0,0.002063309605774474
0,0,0.0011426609032638725
0,0,0.0014037677017922478
0,0,0.001403739549243579
0,0,0.001390278488521411
0,0,0.0016637751159103403
0,0,0.004133086400597095
0,0,0.004452512331892034
0,0,0.0007789460559551634
0,0,0.0028685967300160955
0,0,0.0010790552294203109
0,0,0.001126548611274296
0,0,0.003365818811445031
0,0,0.005511947393485902
0,0,0.00148487753708903
0,0,0.001861163887671817
0,0,0.004133086400597095
0,0,0.03090638404118588
0,0,0.002510534569837
0,0,0.0006250991544972676
0,0,0.0011120066764296794
0,0,0.0029952242728261387
0,0,0.0029821323222307032
0,0,0.00423552228187025
1,0,0.0408742290933663
0,0,0.00712469790004282
0,0,0.008029507526758083
0,0,0.004978398822524685
0,0,0.00680940402693215
0,0,0.0055471190113308665
0,0,0.0012502761878025405
0,0,0.0016377185397297193
0,0,0.020976026632096398
0,0,0.003843941181591188
0,0,0.004133086400597095
0,0,0.002401939867072596
0,0,0.0008757222673907792
0,0,0.009345124535482918
0,0,0.0027406813435049684
0,0,0.005942410860352504
0,0,0.00788662753946506
0,0,0.005935633658413173
0,0,0.012212717117631154
0,0,0.0012512280312966593
0,0,0.004751592544262146
0,0,0.0009265715393310733
0,0,0.0046261456243306435
0,0,0.004143679779633224
0,0,0.007080983482291776
0,0,0.0006941197040524146
0,0,0.023445431614035173
0,0,0.020168291400093484
0,0,0.0013495844419381831
1,0,0.9518785342126522
0,0,0.00024073328538141894
0,0,0.00036861304074008915
0,0,0.0004132124289084361
0,0,0.01226011897619099
0,0,0.024217229314504162
0,0,0.006090901018930757
0,0,0.0013140304572474924
0,0,0.003263785382215639
0,0,0.002754547531545179
1,0,0.9833734151521045
0,0,0.0003288017019577739
0,0,0.0054724789579228125
0,0,0.0013564070459196405
0,0,0.0004883808376659326
0,0,0.0020491333243160626
0,0,0.0055812645446995
0,0,0.0021722316134390783
0,0,0.015418552256908512
0,0,0.008974244561523683
0,0,0.004133086400597095
0,0,0.0018239296031677668
0,0,0.040825108463527195
0,0,0.00018747904363532964
0,0,0.003101212287772812
0,0,0.005980089096961778
0,0,0.009152237730516731
0,0,0.0044667903365543955
0,0,0.0002689136893652597
0,0,0.004905185929632683
0,0,0.3529971646885655
0,0,0.0022484535547556
0,0,0.0034376814583760434
0,0,0.012078550576707882
0,0,0.0020272622883992044
0,0,0.0008130625316895921
0,0,0.0250528773062623
0,0,0.004551136580335116
0,0,0.0074943373545916896
0,0,0.0013400937228257906
0,0,0.0026996321671438157
0,0,0.00393557148848154
0,0,0.00542102201346779
0,0,0.00026778716971280134
0,0,0.0006043080444602424
1,0,0.8661637030994305
0,0,0.0030342247029812412
0,0,0.005543499383488916
0,0,0.0019066641679127052
0,0,0.0027436498924217766
0,0,0.0027190156293205453
0,0,0.01123748865994742
0,0,0.0003511686697743154
0,0,0.0019625476565712147
0,0,0.008366938938929525
0,0,0.002219970966595335
0,0,0.002283883719125197
0,0,0.008209739011320593
0,0,0.0033397479916429792
0,0,0.002932899931386884
0,0,0.0011189547467020276
0,0,0.0014418296627531095
0,0,0.005402701101596067
0,0,0.0009082229907688032
0,0,0.0025015848188588872
0,0,0.008548055612206673
0,0,0.010618988288693046
0,0,0.0013274515327641229
0,0,0.031000808216394272
0,0,0.006073904553238817
1,1,0.9999985862229148
0,0,0.0017530339445735448
0,0,0.02452226920311724
0,0,0.000894334371988066
1,0,0.7741376976168114
0,0,0.0003641613225907574
0,0,0.006064449917863323
0,0,0.003574786306601557
0,0,0.005362712257165019
0,0,0.004961031724278013
0,0,0.0014421378259513238
0,0,0.006379847463105676
0,0,0.0039678327473309525
0,0,0.0006149489954471101
0,0,0.0001069740518107036
0,0,0.0013300672245940032
0,0,0.0016672850327187538
0,0,0.005624367059758215
0,0,0.0019337959668907342
0,0,0.006090901018930757
0,0,0.0026073402886865053
0,0,0.0063630439840998195
0,0,0.001113800484372278
0,0,0.004286684076789333
0,0,0.0018571701546720972
1,0,0.08831772995117688
0,0,0.01558256476334609
0,0,0.0642117404731653
0,0,0.0016991712295569734
0,0,0.001862339733133115
0,0,0.0023603297019452593
0,0,0.002195564933053787
0,0,0.005434829419408569
0,0,0.0033878164605666344
0,0,0.001620686187871985
0,0,0.003948278706283188
0,0,0.0010132714116331397
0,0,0.003538221683289698
0,0,0.061138330034295044
0,0,0.020422189675409545
0,0,0.000698922536310483
0,0,0.004954133316046137
0,0,0.0011684922683627618
0,0,2.7351272878581513e-05
0,0,0.0024985359427384625
0,0,0.08660873206707428
0,0,0.00631107940011426
0,0,0.004249239314099089
0,0,0.000945083193135346
0,0,0.00033774326634236125
0,0,0.4419797854934932
0,0,0.000863316471712689
0,0,0.008181870333339983
0,0,0.004133086400597095
0,0,0.0017940779192714429
0,0,0.015736676366741635
0,0,0.004133086400597095
0,0,0.00040191394509441625
0,0,0.004133086400597095
0,0,0.0009403873922361502
0,0,0.004768295489066478
0,0,0.002113002259968032
0,0,0.0012943560077623793
0,0,0.008450766091108938
0,0,0.0010192024704766933
0,0,0.002455671995612158
0,0,0.0005972553435596974
0,0,0.0018308688215994556
0,0,0.001348931173117905
0,0,0.004406676269653082
0,0,0.0010725896904166556
0,0,0.0017160161659768576
0,0,0.000979953419859739
0,0,0.0072972580657781755
0,0,0.0033116478835897227
0,0,0.004665881191903011
0,0,0.005605973677268176
0,0,0.011579675184769963
0,0,0.0004611535004872369
0,0,0.008484070429025676
0,0,0.001176247261725209
0,0,0.005427450758405193
0,0,0.006451774651015239
0,0,0.0007148896799052558
0,0,0.004245666294495968
0,0,0.0025750027979549793
0,0,0.006058460098154098
0,0,0.004133086400597095
0,0,0.00629872216520555
0,0,0.002323202279242277
0,0,0.002687875896700506
0,0,0.006047391194551977
0,0,0.008391821120983127
0,0,0.006313356667888429
0,0,0.00022530526700429053
0,0,0.0016372417829996718
0,0,0.08261547059640664
0,0,0.004851373168147191
0,0,0.0014351262960141968
0,0,0.003410935603321886
0,0,0.0012538552906033516
0,0,0.03296676491496013
1,0,0.9376995141201654
0,0,0.0045344602520606325
0,0,0.000996960910631729
0,0,0.024822678765765153
0,0,0.00620545157195168
0,0,0.006818608341615416
0,0,0.00022828356899685218
0,0,0.00604074775283722
0,0,0.00948491127444604
0,0,0.001991461706602056
0,0,0.0009321763589416084
0,0,0.030749276674664813
0,0,0.0002619004295384053
0,0,0.0009258343270223327
0,0,0.0013246041052853846
0,0,0.0027234676192272275
0,0,0.0007039378648639714
0,0,0.0015765762024024486
0,0,0.0013142259496938303
0,0,0.0054263682125113896
0,0,0.005080158563731267
0,0,0.003399718928924757
0,0,0.0034881135754122987
0,0,0.0038121977803025164
0,0,0.06331358071138886
0,0,0.004512470473615303
0,0,0.00025827350066858715
0,0,0.004862736421482569
0,0,0.0014145184401206533
0,0,0.0015064604275174104
1,1,0.999999993030912
0,0,0.0009082404390530104
0,0,0.0044982163665078035
0,0,0.004133086400597095
0,0,0.005631385273192775
0,0,0.004133086400597095
0,0,0.0006186935510080248
0,0,0.000267626026791391
0,0,0.0011436539526396112
0,0,0.0040141014448755565
0,0,0.0008645474632279418
0,0,0.001994245955951363
0,0,0.010415740589959121
0,0,0.004133086400597095
0,0,0.0035274154273631677
0,0,0.0008464062513849907
0,0,0.0025609947880733245
0,0,0.003760603061472425
0,0,0.02286088241279876
0,0,0.01176959270225339
0,0,0.05865077936129179
0,0,0.0005728148116029657
0,0,0.018417694258790036
0,0,0.003284091867872673
0,0,0.00316180501580418
0,0,0.0051839383883270545
0,0,0.33172166960593313
0,0,0.004600379147919276
0,0,0.0035984889647926095
0,0,0.00012309752242505595
0,0,0.0013941801171944868
0,0,0.5768624742294025
0,0,0.008992552177386976
0,0,0.006664726630448603
0,0,0.0011369652045910119
0,0,0.004656976125689622
0,0,0.0032860367143924627
0,0,0.005535236612554686
1,0,0.0005835430833731786
0,0,0.005872497374687102
0,0,0.00601939819119904
0,0,0.0006671450579586334
0,0,0.0007614233445939389
0,0,0.003187869632162371
0,0,0.004133086400597095
0,0,0.0008261809615074537
0,0,0.3277054850840602
0,0,0.006069685438666263
1,1,0.9999999999999699
0,0,0.0052498538321107185
0,0,0.0007958347539442366
0,0,0.0018917547141813823
0,0,0.003528795980458684
0,0,0.0005849872468456506
0,0,0.0008607519914919992
0,0,0.004133086400597095
0,0,0.007191398142156343
0,0,0.004251052769773047
0,0,0.0016764380970201778
0,0,0.0075170745343220696
0,0,0.006325557329413643
0,0,0.0003774606476115552
0,0,0.004133086400597095
0,0,0.003056638730944446
0,0,0.004133086400597095
0,0,0.006550747855833665
1,1,0.9999999999987081
0,0,0.0037932005951026994
